vehicles_in_ego_lane,vehicles_in_left_lane,vehicles_in_right_lane,closest_in_ego_lane_dist,closest_left_lane_dist,closest_right_lane_dist,relative_velocity_ego_lane,relative_velocity_left_lane,relative_velocity_right_lane,previous_action_1,action
3.0,0.0,0.0,21.99606,10000.0,0.0,-1.059190000000001,10000.0,0.0,4.0,0.0
4.0,3.0,0.0,11.63463999999999,22.484969999999976,0.0,-1.6829530000000013,-3.169319999999999,0.0,0.0,0.0
3.0,0.0,0.0,41.055650000000014,10000.0,0.0,-3.88843,10000.0,0.0,1.0,0.0
4.0,2.0,0.0,10.21738000000002,20.00463000000002,0.0,-3.5081580000000017,-3.879698000000001,0.0,1.0,0.0
3.0,0.0,1.0,20.82004000000001,10000.0,71.25765000000001,-3.5897749999999995,10000.0,-3.894157,1.0,0.0
3.0,2.0,0.0,9.411249999999995,29.04571000000001,0.0,-2.973203999999999,-2.2479879999999994,0.0,1.0,0.0
2.0,0.0,4.0,9.92995000000002,10000.0,30.03078000000002,-2.065764999999999,10000.0,-3.575009999999999,1.0,0.0
3.0,0.0,0.0,18.93892,10000.0,0.0,-3.497183,10000.0,0.0,0.0,0.0
3.0,0.0,4.0,21.32416000000001,10000.0,10.951720000000025,-1.5566640000000014,10000.0,-3.4901349999999987,1.0,0.0
2.0,2.0,0.0,9.308670000000006,51.43802000000002,0.0,-3.3585819999999984,-1.2547449999999998,0.0,1.0,0.0
2.0,2.0,0.0,10.574720000000012,41.99278000000001,0.0,-3.131976999999999,-1.7983970000000014,0.0,1.0,0.0
2.0,2.0,0.0,10.05280000000002,30.74416,0.0,-1.8880349999999984,-1.0389119999999998,0.0,1.0,0.0
3.0,0.0,0.0,21.22117,10000.0,0.0,-1.2859610000000004,10000.0,0.0,4.0,0.0
3.0,1.0,0.0,20.26934,94.52879,0.0,-3.785498000000001,-2.9936620000000005,0.0,4.0,0.0
4.0,0.0,3.0,10.46565000000001,10000.0,50.99494999999999,-2.5534099999999995,10000.0,-1.2807999999999993,4.0,0.0
4.0,0.0,0.0,20.444060000000007,10000.0,0.0,-3.5804769999999984,10000.0,0.0,1.0,0.0
3.0,0.0,0.0,9.799379999999983,10000.0,0.0,-3.7689650000000015,10000.0,0.0,4.0,0.0
3.0,3.0,0.0,9.650620000000004,19.562960000000004,0.0,-2.037409,-3.899612000000001,0.0,1.0,0.0
1.0,0.0,0.0,43.016970000000015,10000.0,0.0,-2.151848000000001,10000.0,0.0,1.0,0.0
3.0,2.0,0.0,9.921660000000005,19.452560000000005,0.0,-1.4100879999999982,-2.615594999999999,0.0,4.0,0.0
4.0,0.0,0.0,9.712609999999984,10000.0,0.0,-1.4215599999999995,10000.0,0.0,1.0,0.0
1.0,0.0,0.0,81.91835999999998,10000.0,0.0,-3.7848149999999983,10000.0,0.0,0.0,0.0
3.0,0.0,0.0,20.22726,10000.0,0.0,-1.2189000000000014,10000.0,0.0,1.0,0.0
2.0,2.0,0.0,31.53972999999999,42.39444,0.0,-2.9973850000000013,-1.037106999999999,0.0,4.0,0.0
4.0,0.0,0.0,10.788039999999995,10000.0,0.0,-3.374258000000001,10000.0,0.0,1.0,0.0
3.0,2.0,0.0,10.335250000000002,61.00235000000001,0.0,-1.4504680000000008,-1.1830369999999988,0.0,2.0,0.0
3.0,2.0,0.0,9.806809999999984,31.389549999999986,0.0,-1.6543770000000002,-1.283847999999999,0.0,1.0,0.0
5.0,0.0,0.0,10.687880000000009,10000.0,0.0,-2.7013570000000016,10000.0,0.0,4.0,0.0
4.0,3.0,0.0,9.614029999999984,20.96723,0.0,-2.3790000000000013,-1.1305960000000006,0.0,4.0,0.0
4.0,2.0,0.0,10.339830000000006,77.04118,0.0,-1.374103999999999,-3.0734630000000003,0.0,1.0,0.0
4.0,0.0,0.0,21.44529,10000.0,0.0,-2.120315999999999,10000.0,0.0,1.0,0.0
2.0,1.0,0.0,10.892539999999997,50.87339,0.0,-1.6731130000000007,-3.312239999999999,0.0,1.0,0.0
5.0,0.0,0.0,30.981349999999992,10000.0,0.0,-2.957533000000001,10000.0,0.0,1.0,0.0
4.0,0.0,0.0,29.086820000000017,10000.0,0.0,-3.877512,10000.0,0.0,4.0,0.0
4.0,2.0,0.0,22.287560000000013,32.05954,0.0,-1.1162010000000002,-1.675647999999999,0.0,1.0,0.0
4.0,0.0,0.0,10.746340000000004,10000.0,0.0,-1.402156999999999,10000.0,0.0,4.0,0.0
4.0,0.0,0.0,11.313119999999998,10000.0,0.0,-2.281303000000001,10000.0,0.0,4.0,0.0
4.0,1.0,0.0,9.460850000000022,70.98882,0.0,-2.452176999999999,-3.3567329999999984,0.0,4.0,0.0
1.0,2.0,0.0,20.42523,73.09503000000001,0.0,-3.1229270000000007,-2.556515000000001,0.0,4.0,0.0
3.0,1.0,0.0,21.165179999999992,40.41248999999999,0.0,-3.5822770000000013,-1.229616,0.0,0.0,0.0
2.0,3.0,0.0,11.177140000000009,51.390240000000006,0.0,-1.8431840000000008,-2.896961000000001,0.0,1.0,0.0
2.0,3.0,0.0,22.139710000000008,53.65305000000001,0.0,-1.4956439999999986,-1.7764589999999991,0.0,1.0,0.0
5.0,0.0,0.0,10.036069999999995,10000.0,0.0,-1.5070739999999994,10000.0,0.0,2.0,0.0
3.0,0.0,3.0,10.865679999999998,10000.0,40.49363,-3.210728,10000.0,-2.7011590000000005,0.0,0.0
5.0,1.0,3.0,11.888680000000022,52.932860000000005,31.912180000000006,-1.1870939999999983,-1.1464800000000004,-2.197894999999999,1.0,0.0
4.0,2.0,0.0,10.56459000000001,20.260230000000007,0.0,-2.21106,-3.598568,0.0,4.0,0.0
5.0,0.0,1.0,10.48117000000002,10000.0,19.959280000000007,-3.951445,10000.0,-3.156713,0.0,0.0
5.0,0.0,1.0,10.776360000000013,10000.0,65.15602000000001,-3.1983180000000004,10000.0,-1.0732399999999984,4.0,0.0
2.0,0.0,0.0,50.06593999999998,10000.0,0.0,-3.4604779999999984,10000.0,0.0,4.0,0.0
4.0,0.0,0.0,10.206189999999992,10000.0,0.0,-2.7660100000000014,10000.0,0.0,1.0,0.0
3.0,0.0,0.0,61.24387999999999,10000.0,0.0,-2.853874000000001,10000.0,0.0,4.0,0.0
3.0,1.0,0.0,9.125889999999998,83.37475999999998,0.0,-3.900578,-1.6142879999999984,0.0,4.0,0.0
3.0,2.0,0.0,10.78049999999999,62.20434999999998,0.0,-3.960562,-3.82677,0.0,4.0,0.0
3.0,0.0,0.0,30.60959,10000.0,0.0,-3.125575999999999,10000.0,0.0,1.0,0.0
2.0,4.0,0.0,11.19495999999998,63.01137999999997,0.0,-1.9266219999999985,-2.622672999999999,0.0,1.0,0.0
3.0,0.0,0.0,10.555319999999996,10000.0,0.0,-2.732159,10000.0,0.0,1.0,0.0
4.0,2.0,0.0,11.093889999999988,51.757799999999975,0.0,-2.47522,-3.5791000000000004,0.0,1.0,0.0
3.0,0.0,4.0,11.081940000000005,10000.0,20.998079999999987,-1.284206000000001,10000.0,-1.907007,1.0,0.0
3.0,2.0,0.0,10.08932999999999,20.591039999999992,0.0,-2.194123999999998,-2.81091,0.0,4.0,0.0
5.0,2.0,0.0,20.82167000000001,80.25464000000002,0.0,-2.682976,-1.4963100000000011,0.0,1.0,0.0
6.0,0.0,1.0,9.2937,10000.0,39.03914,-3.940097999999999,10000.0,-1.0840870000000002,1.0,0.0
2.0,1.0,0.0,29.766400000000004,50.04208000000003,0.0,-3.484259000000001,-2.93356,0.0,1.0,0.0
2.0,1.0,0.0,11.40079,64.32495,0.0,-1.9769700000000008,-3.2467119999999987,0.0,4.0,0.0
3.0,1.0,0.0,31.88413,94.68664,0.0,-2.214196999999998,-1.4507520000000014,0.0,1.0,0.0
1.0,2.0,0.0,10.172079999999994,21.28494999999998,0.0,-3.29741,-2.5817300000000003,0.0,4.0,0.0
6.0,0.0,1.0,10.855040000000002,10000.0,53.04365999999999,-2.5121879999999983,10000.0,-2.7466800000000013,1.0,0.0
3.0,2.0,0.0,21.80824000000001,53.704620000000006,0.0,-1.2791159999999984,-1.757287999999999,0.0,4.0,0.0
3.0,2.0,0.0,19.681600000000003,81.90056000000001,0.0,-2.681709999999999,-1.4234219999999986,0.0,4.0,0.0
2.0,2.0,0.0,11.119779999999992,75.2551,0.0,-1.1521110000000014,-2.1778340000000007,0.0,1.0,0.0
4.0,2.0,0.0,30.400710000000004,10.184489999999984,0.0,-1.8263779999999985,-3.581636,0.0,1.0,0.0
5.0,1.0,0.0,10.866520000000008,83.07826000000003,0.0,-3.8510820000000017,-2.038402999999999,0.0,1.0,0.0
4.0,0.0,3.0,10.817740000000017,10000.0,31.06534000000002,-1.5729560000000014,10000.0,-3.1951259999999984,4.0,0.0
2.0,0.0,0.0,20.69079,10000.0,0.0,-1.3374419999999994,10000.0,0.0,1.0,0.0
4.0,1.0,0.0,20.98554999999999,92.19713000000002,0.0,-2.860968,-3.471495000000001,0.0,4.0,0.0
6.0,2.0,0.0,11.384299999999996,22.05264,0.0,-1.5597129999999986,-2.340605,0.0,2.0,0.0
4.0,0.0,0.0,11.522580000000003,10000.0,0.0,-1.1168210000000016,10000.0,0.0,1.0,0.0
3.0,0.0,3.0,10.9127,10000.0,43.952740000000006,-1.9906919999999992,10000.0,-1.976220999999999,1.0,0.0
3.0,1.0,0.0,10.894840000000016,52.608900000000006,0.0,-2.170819999999999,-2.736180000000001,0.0,1.0,0.0
3.0,3.0,0.0,10.871659999999991,42.69704999999999,0.0,-2.697897000000001,-1.869644000000001,0.0,1.0,0.0
3.0,1.0,0.0,10.107520000000022,64.32359000000002,0.0,-2.104192999999998,-1.3087829999999985,0.0,1.0,0.0
3.0,1.0,0.0,9.868150000000014,95.92479,0.0,-2.076338,-1.1389919999999982,0.0,1.0,0.0
2.0,1.0,0.0,10.512040000000011,87.39716999999999,0.0,-1.902922,-2.941412,0.0,4.0,0.0
2.0,0.0,0.0,21.06904,10000.0,0.0,-2.1465700000000005,10000.0,0.0,1.0,0.0
4.0,0.0,0.0,20.570550000000026,10000.0,0.0,-2.74345,10000.0,0.0,4.0,0.0
3.0,1.0,0.0,9.977319999999992,39.385129999999975,0.0,-2.6045930000000013,-3.027049999999999,0.0,1.0,0.0
3.0,0.0,0.0,42.889069999999975,10000.0,0.0,-1.8426760000000009,10000.0,0.0,0.0,0.0
2.0,0.0,0.0,10.389110000000016,10000.0,0.0,-3.6481150000000007,10000.0,0.0,1.0,0.0
6.0,1.0,0.0,10.03779,31.838149999999985,0.0,-1.450137999999999,-2.13345,0.0,4.0,0.0
3.0,2.0,0.0,10.116899999999989,41.10142999999999,0.0,-1.6485060000000011,-3.244236000000001,0.0,1.0,0.0
4.0,0.0,2.0,21.96934999999999,10000.0,54.28349,-2.3456629999999983,10000.0,-3.0539510000000014,4.0,0.0
5.0,0.0,0.0,19.62607,10000.0,0.0,-3.7831100000000006,10000.0,0.0,4.0,0.0
2.0,2.0,3.0,72.26175999999998,30.811279999999982,9.996579999999994,-3.930328,-2.872221,-2.807825000000001,4.0,0.0
3.0,0.0,0.0,10.570360000000022,10000.0,0.0,-3.97289,10000.0,0.0,1.0,0.0
2.0,1.0,0.0,21.543260000000004,63.05935,0.0,-1.400074,-1.951633000000001,0.0,4.0,0.0
6.0,0.0,1.0,29.15527,10000.0,10.09399000000002,-2.7094859999999983,10000.0,-3.4282049999999984,4.0,0.0
2.0,0.0,3.0,11.534590000000009,10000.0,21.32570000000001,-1.9514260000000008,10000.0,-1.4434569999999989,1.0,0.0
3.0,0.0,0.0,11.1344,10000.0,0.0,-2.93066,10000.0,0.0,4.0,0.0
3.0,0.0,0.0,22.780639999999977,10000.0,0.0,-1.866741000000001,10000.0,0.0,4.0,0.0
2.0,2.0,0.0,9.6935,73.47820999999999,0.0,-2.9359910000000013,-1.7231500000000004,0.0,1.0,0.0
3.0,1.0,3.0,10.171429999999988,53.21115,41.763000000000005,-1.4343010000000014,-1.0889419999999994,-3.4446410000000007,1.0,0.0
4.0,1.0,0.0,19.799939999999992,30.31187,0.0,-1.4617749999999994,-3.1781919999999992,0.0,4.0,0.0
4.0,2.0,0.0,10.57523999999998,42.05391,0.0,-1.7060780000000015,-2.60736,0.0,4.0,0.0
3.0,0.0,0.0,9.949659999999994,10000.0,0.0,-3.43834,10000.0,0.0,1.0,0.0
4.0,0.0,0.0,19.842190000000016,10000.0,0.0,-1.9820439999999984,10000.0,0.0,1.0,0.0
1.0,0.0,6.0,41.093800000000016,10000.0,10.949280000000016,-2.269912999999999,10000.0,-3.0131440000000005,1.0,0.0
4.0,0.0,2.0,9.203519999999996,10000.0,19.44190999999998,-3.4315099999999994,10000.0,-3.736920000000002,4.0,0.0
3.0,0.0,0.0,21.19483,10000.0,0.0,-1.6641790000000007,10000.0,0.0,1.0,0.0
4.0,3.0,0.0,11.785560000000004,23.327019999999976,0.0,-1.247050999999999,-2.2615620000000014,0.0,4.0,0.0
4.0,0.0,2.0,32.25931,10000.0,21.801519999999982,-3.338465,10000.0,-2.903300999999999,1.0,0.0
4.0,1.0,0.0,11.379170000000016,72.93048000000002,0.0,-2.040897000000001,-1.050663,0.0,2.0,0.0
3.0,0.0,0.0,11.378140000000002,10000.0,0.0,-1.6635649999999984,10000.0,0.0,4.0,0.0
5.0,1.0,0.0,11.070390000000003,21.500699999999995,0.0,-1.0762329999999984,-1.0896100000000004,0.0,1.0,0.0
4.0,1.0,0.0,10.549019999999985,61.45558,0.0,-2.713139999999999,-3.82011,0.0,1.0,0.0
5.0,0.0,2.0,21.88503999999997,10000.0,10.203399999999988,-1.9090859999999985,10000.0,-3.720980000000001,1.0,0.0
5.0,2.0,1.0,9.907119999999992,51.615020000000015,20.25921,-3.046759000000001,-1.3711699999999991,-1.1296709999999983,1.0,0.0
6.0,0.0,0.0,10.399609999999996,10000.0,0.0,-3.648436,10000.0,0.0,1.0,0.0
2.0,0.0,0.0,32.457460000000026,10000.0,0.0,-2.676867999999999,10000.0,0.0,0.0,0.0
2.0,0.0,0.0,42.81072999999998,10000.0,0.0,-1.8859999999999992,10000.0,0.0,4.0,0.0
5.0,0.0,0.0,19.557469999999995,10000.0,0.0,-3.0362909999999985,10000.0,0.0,4.0,0.0
3.0,0.0,0.0,39.96112,10000.0,0.0,-2.4245240000000017,10000.0,0.0,1.0,0.0
5.0,0.0,0.0,31.57396,10000.0,0.0,-1.9977069999999983,10000.0,0.0,1.0,0.0
2.0,1.0,4.0,10.91914,40.5574,21.559949999999983,-1.227488000000001,-3.495514,-1.7330599999999985,4.0,0.0
3.0,3.0,0.0,10.723449999999984,20.5223,0.0,-2.4431079999999987,-3.8376449999999984,0.0,4.0,0.0
2.0,0.0,0.0,33.05294000000001,10000.0,0.0,-2.725128000000001,10000.0,0.0,2.0,0.0
3.0,0.0,0.0,21.38524000000001,10000.0,0.0,-2.2379469999999984,10000.0,0.0,4.0,0.0
2.0,3.0,0.0,33.08584999999999,54.88529,0.0,-3.1868899999999982,-1.2415640000000003,0.0,1.0,0.0
3.0,3.0,0.0,9.583339999999993,29.39624000000001,0.0,-3.7528630000000014,-2.280054,0.0,1.0,0.0
4.0,0.0,0.0,10.163280000000016,10000.0,0.0,-3.1306800000000017,10000.0,0.0,1.0,0.0
3.0,2.0,0.0,10.81234999999998,22.320429999999988,0.0,-1.922089,-2.260555,0.0,4.0,0.0
4.0,1.0,0.0,9.901260000000008,81.65058000000002,0.0,-1.1505699999999983,-1.0569740000000003,0.0,1.0,0.0
1.0,0.0,0.0,62.19417999999999,10000.0,0.0,-3.5318970000000007,10000.0,0.0,1.0,0.0
1.0,1.0,0.0,19.85844,94.55535999999998,0.0,-3.3806900000000013,-2.480867,0.0,1.0,0.0
3.0,0.0,0.0,22.68588,10000.0,0.0,-1.9089220000000005,10000.0,0.0,4.0,0.0
1.0,0.0,5.0,50.73443,10000.0,9.464640000000005,-1.1871340000000004,10000.0,-2.7711180000000013,1.0,0.0
3.0,1.0,0.0,9.442119999999989,74.36845,0.0,-3.817007,-1.6036499999999982,0.0,4.0,0.0
2.0,1.0,0.0,9.456819999999992,61.18161999999998,0.0,-3.3186339999999994,-1.7759999999999998,0.0,4.0,0.0
3.0,0.0,3.0,22.46759,10000.0,10.743059999999986,-1.839409,10000.0,-1.5394299999999994,1.0,0.0
4.0,1.0,0.0,19.995229999999992,71.71996999999999,0.0,-1.166129999999999,-3.5508169999999986,0.0,4.0,0.0
4.0,0.0,3.0,9.963369999999998,10000.0,20.82249999999999,-2.056303,10000.0,-2.316689,4.0,0.0
4.0,2.0,0.0,10.740859999999998,84.29010000000002,0.0,-2.970257,-3.0483249999999984,0.0,4.0,0.0
2.0,0.0,0.0,11.103090000000009,10000.0,0.0,-2.7017650000000017,10000.0,0.0,1.0,0.0
1.0,3.0,0.0,9.795089999999988,41.60806,0.0,-2.417624,-1.1629660000000008,0.0,2.0,0.0
4.0,2.0,0.0,11.81511999999998,21.63682,0.0,-1.1314349999999995,-1.3491570000000015,0.0,1.0,0.0
2.0,0.0,0.0,11.157320000000029,10000.0,0.0,-3.522445999999998,10000.0,0.0,4.0,0.0
2.0,2.0,0.0,41.48112,63.38753,0.0,-3.745165,-1.8870980000000013,0.0,4.0,0.0
4.0,2.0,0.0,11.147729999999996,43.131910000000005,0.0,-1.8067260000000007,-1.805038,0.0,4.0,0.0
6.0,1.0,0.0,9.974680000000006,62.204170000000005,0.0,-1.735282999999999,-3.562925,0.0,4.0,0.0
2.0,1.0,0.0,20.402710000000013,83.70992999999999,0.0,-3.166689999999999,-3.038193,0.0,1.0,0.0
4.0,1.0,0.0,10.013900000000008,82.72919999999999,0.0,-2.695463,-1.989329999999999,0.0,1.0,0.0
4.0,3.0,0.0,10.807409999999976,31.11362,0.0,-2.170586,-2.214113000000001,0.0,1.0,0.0
3.0,0.0,0.0,19.54549,10000.0,0.0,-1.5493009999999998,10000.0,0.0,1.0,0.0
3.0,0.0,2.0,10.157099999999986,10000.0,73.49411999999998,-3.950379999999999,10000.0,-1.863005000000001,1.0,0.0
1.0,2.0,0.0,9.678300000000007,39.97908000000001,0.0,-2.637201000000001,-2.6792930000000013,0.0,4.0,0.0
5.0,1.0,0.0,10.559649999999976,61.63973999999999,0.0,-2.730675000000001,-2.1737670000000016,0.0,1.0,0.0
5.0,3.0,0.0,10.073139999999997,53.63743,0.0,-1.913065,-2.5188260000000007,0.0,0.0,0.0
2.0,1.0,0.0,10.17188999999999,39.689520000000016,0.0,-2.722511000000001,-3.641306,0.0,1.0,0.0
2.0,1.0,0.0,11.677140000000009,52.05012000000002,0.0,-1.5499459999999985,-3.6282159999999983,0.0,4.0,0.0
3.0,1.0,0.0,9.378809999999987,52.13120000000001,0.0,-3.467087,-1.1349750000000007,0.0,1.0,0.0
5.0,0.0,0.0,22.75168,10000.0,0.0,-1.6834339999999983,10000.0,0.0,4.0,0.0
5.0,2.0,0.0,9.44207,61.918740000000014,0.0,-2.6156919999999992,-1.2661550000000013,0.0,1.0,0.0
4.0,0.0,0.0,21.258370000000014,10000.0,0.0,-1.5508629999999997,10000.0,0.0,4.0,0.0
4.0,0.0,0.0,10.28610999999998,10000.0,0.0,-1.4088759999999994,10000.0,0.0,4.0,0.0
4.0,0.0,2.0,9.54898,10000.0,21.270190000000014,-3.4964070000000014,10000.0,-1.0621280000000013,1.0,0.0
2.0,0.0,0.0,9.611909999999996,10000.0,0.0,-2.1142520000000005,10000.0,0.0,1.0,0.0
4.0,2.0,0.0,9.557639999999992,31.003770000000003,0.0,-3.8727100000000014,-1.0313510000000008,0.0,4.0,0.0
3.0,0.0,0.0,29.89117999999999,10000.0,0.0,-3.8043520000000015,10000.0,0.0,4.0,0.0
3.0,1.0,0.0,10.787759999999992,52.97579999999999,0.0,-1.8325560000000003,-1.5919500000000006,0.0,1.0,0.0
5.0,1.0,0.0,10.281939999999992,52.74723,0.0,-1.4413550000000015,-1.6104769999999995,0.0,1.0,0.0
4.0,1.0,0.0,11.021010000000018,59.6412,0.0,-2.8428059999999995,-3.188623,0.0,4.0,0.0
2.0,1.0,0.0,10.380380000000002,40.94525999999999,0.0,-2.8751089999999984,-1.5048700000000004,0.0,1.0,0.0
3.0,0.0,0.0,11.715760000000015,10000.0,0.0,-1.806562,10000.0,0.0,1.0,0.0
2.0,0.0,4.0,11.25112999999999,10000.0,22.27563999999998,-1.3944299999999998,10000.0,-2.528355000000001,1.0,0.0
3.0,0.0,0.0,10.774749999999983,10000.0,0.0,-3.339269999999999,10000.0,0.0,4.0,0.0
2.0,3.0,0.0,9.1438,52.45038,0.0,-3.88842,-3.7754629999999993,0.0,1.0,0.0
4.0,0.0,0.0,9.275360000000006,10000.0,0.0,-3.865196000000001,10000.0,0.0,4.0,0.0
4.0,0.0,0.0,42.968440000000015,10000.0,0.0,-3.402643000000001,10000.0,0.0,0.0,0.0
3.0,2.0,0.0,10.765929999999996,64.56057999999999,0.0,-1.4443969999999986,-2.50948,0.0,4.0,0.0
3.0,4.0,0.0,11.508769999999998,23.27391,0.0,-1.812142999999999,-1.551317000000001,0.0,1.0,0.0
4.0,1.0,0.0,11.13275999999999,31.00529,0.0,-1.684861999999999,-2.4661539999999995,0.0,4.0,0.0
3.0,1.0,0.0,20.08211,82.41599,0.0,-1.0488110000000006,-2.6796170000000004,0.0,1.0,0.0
4.0,1.0,0.0,10.302510000000012,42.03298000000001,0.0,-3.864082,-2.6677630000000008,0.0,4.0,0.0
2.0,0.0,0.0,10.521199999999991,10000.0,0.0,-3.663260999999999,10000.0,0.0,1.0,0.0
3.0,2.0,0.0,9.71880999999999,40.86852999999999,0.0,-2.0447859999999984,-1.757356999999999,0.0,4.0,0.0
3.0,0.0,0.0,21.04025000000001,10000.0,0.0,-2.148523000000001,10000.0,0.0,1.0,0.0
3.0,0.0,0.0,20.755749999999978,10000.0,0.0,-3.2709560000000018,10000.0,0.0,1.0,0.0
4.0,1.0,0.0,20.91126,75.6577,0.0,-1.1128140000000002,-1.41995,0.0,4.0,0.0
3.0,3.0,0.0,10.41655,21.13456,0.0,-3.782402000000001,-3.729932999999999,0.0,1.0,0.0
4.0,1.0,0.0,10.969729999999998,32.787800000000004,0.0,-2.5534740000000014,-1.8172099999999995,0.0,1.0,0.0
3.0,3.0,0.0,9.687270000000012,40.339860000000016,0.0,-2.5118730000000014,-1.9902610000000005,0.0,1.0,0.0
3.0,1.0,0.0,19.31710000000001,50.76434,10000.0,-2.095628999999999,-1.7774520000000005,10000.0,1.0,2.0
1.0,4.0,1.0,20.353919999999988,41.26626999999999,31.38490999999999,-3.995794,-1.5313850000000002,-1.8178020000000004,4.0,2.0
2.0,2.0,1.0,10.328789999999998,20.719269999999995,30.788250000000005,-2.4447170000000007,-2.0645789999999984,-2.210657000000001,1.0,2.0
3.0,6.0,0.0,20.648770000000013,10.392800000000022,10000.0,-2.106655,-3.3286170000000013,10000.0,1.0,2.0
4.0,0.0,0.0,19.54065,0.0,10000.0,-3.969446000000002,0.0,10000.0,1.0,2.0
4.0,2.0,0.0,65.44201999999999,22.89686999999998,10000.0,-3.3756999999999984,-3.7233100000000015,10000.0,4.0,2.0
2.0,0.0,4.0,11.213750000000005,0.0,41.48749000000001,-2.243734,0.0,-1.989878000000001,4.0,2.0
3.0,0.0,0.0,10.880570000000006,0.0,10000.0,-3.652992000000001,0.0,10000.0,4.0,2.0
4.0,0.0,1.0,9.578519999999996,0.0,93.39684999999996,-3.527773,0.0,-2.6469419999999992,4.0,2.0
2.0,0.0,2.0,40.877790000000005,0.0,50.38678999999999,-1.399908,0.0,-2.7530019999999986,1.0,2.0
7.0,1.0,0.0,21.01854,11.075620000000017,10000.0,-3.774694,-3.1220250000000007,10000.0,0.0,2.0
3.0,4.0,2.0,20.92961,10.495900000000006,63.32426000000001,-3.028490000000001,-1.0535889999999988,-3.388463999999999,4.0,2.0
4.0,3.0,0.0,19.96078,40.37135999999998,10000.0,-3.675407,-3.0103700000000018,10000.0,4.0,2.0
4.0,0.0,0.0,31.164359999999988,0.0,10000.0,-3.978113000000001,0.0,10000.0,1.0,2.0
3.0,0.0,2.0,11.212170000000016,0.0,30.508160000000004,-1.4112100000000003,0.0,-1.5695900000000016,1.0,2.0
4.0,2.0,1.0,10.922669999999982,21.908529999999985,93.41796999999995,-2.3471779999999995,-3.618510000000001,-2.6249579999999995,1.0,2.0
5.0,2.0,0.0,10.523529999999994,81.62697999999997,10000.0,-1.205635000000001,-2.818724,10000.0,4.0,2.0
3.0,3.0,1.0,10.655930000000012,29.90181000000001,50.71744000000001,-3.554113000000001,-1.3214110000000012,-1.932932000000001,1.0,2.0
3.0,3.0,0.0,22.05197000000001,43.80217000000002,10000.0,-1.6895640000000007,-1.8230949999999984,10000.0,2.0,2.0
4.0,0.0,0.0,11.14618999999999,0.0,10000.0,-1.986170000000001,0.0,10000.0,1.0,2.0
2.0,0.0,3.0,20.96758,0.0,51.98687999999999,-1.7193320000000014,0.0,-2.670877000000001,4.0,2.0
3.0,0.0,0.0,9.260440000000017,0.0,10000.0,-3.214735000000001,0.0,10000.0,4.0,2.0
3.0,5.0,0.0,32.52963,11.22564,10000.0,-3.3814770000000003,-1.1846940000000004,10000.0,1.0,2.0
3.0,4.0,0.0,10.397519999999986,21.893779999999992,10000.0,-2.498246999999999,-2.3999200000000016,10000.0,4.0,2.0
5.0,2.0,0.0,10.361490000000003,30.43148,10000.0,-2.3535819999999994,-2.230416999999999,10000.0,1.0,2.0
2.0,2.0,2.0,10.363640000000004,42.09312,53.70131999999998,-3.985655000000001,-1.4057710000000014,-1.209171000000001,2.0,2.0
3.0,3.0,0.0,31.42613,20.16986,10000.0,-2.9536170000000013,-1.6389999999999991,10000.0,1.0,2.0
2.0,4.0,0.0,52.24601000000001,21.129729999999995,10000.0,-3.604136000000001,-2.0851550000000003,10000.0,1.0,2.0
2.0,4.0,0.0,9.56878999999998,41.15338,10000.0,-3.052088000000001,-3.630085000000001,10000.0,1.0,2.0
3.0,0.0,0.0,10.944979999999989,0.0,10000.0,-2.363299999999999,0.0,10000.0,4.0,2.0
4.0,2.0,0.0,39.33489,20.41196,10000.0,-2.6988319999999995,-1.757197999999999,10000.0,4.0,2.0
1.0,5.0,0.0,32.14423000000002,9.912540000000009,10000.0,-3.932016000000001,-1.807103999999999,10000.0,1.0,2.0
5.0,0.0,0.0,44.57075,0.0,10000.0,-1.932106000000001,0.0,10000.0,2.0,2.0
3.0,4.0,0.0,20.937730000000016,11.126570000000015,10000.0,-2.3694109999999995,-2.029615,10000.0,1.0,2.0
3.0,0.0,0.0,19.214020000000005,0.0,10000.0,-3.195374000000001,0.0,10000.0,1.0,2.0
3.0,3.0,0.0,20.70714000000001,31.32567,10000.0,-2.581060000000001,-3.5810320000000004,10000.0,4.0,2.0
3.0,3.0,0.0,10.968490000000005,33.338690000000014,10000.0,-2.139,-2.2472840000000005,10000.0,4.0,2.0
3.0,2.0,0.0,11.392310000000007,41.17359999999999,10000.0,-1.7135299999999989,-3.854662000000001,10000.0,1.0,2.0
3.0,4.0,0.0,9.315169999999997,51.30816999999999,10000.0,-3.34243,-3.39733,10000.0,4.0,2.0
1.0,0.0,0.0,50.17266000000001,0.0,10000.0,-2.5778399999999984,0.0,10000.0,1.0,2.0
4.0,1.0,2.0,9.850300000000004,30.49534,62.52007,-1.4687389999999994,-1.953683999999999,-2.7076069999999994,4.0,2.0
1.0,0.0,0.0,31.572460000000007,0.0,10000.0,-3.037386000000001,0.0,10000.0,1.0,2.0
2.0,3.0,2.0,29.04649000000001,9.463499999999982,60.27264,-2.126256999999999,-3.0773529999999987,-2.462862000000001,0.0,2.0
2.0,0.0,0.0,29.03674000000001,0.0,10000.0,-2.808867,0.0,10000.0,1.0,2.0
4.0,2.0,0.0,11.610259999999982,22.81852999999998,10000.0,-1.9243720000000013,-1.5347599999999986,10000.0,1.0,2.0
3.0,0.0,0.0,21.56626,0.0,10000.0,-2.17971,0.0,10000.0,4.0,2.0
6.0,2.0,0.0,31.08283,10.20595,10000.0,-1.9917240000000007,-2.7071080000000016,10000.0,4.0,2.0
2.0,2.0,0.0,9.253929999999997,64.98747999999998,10000.0,-3.2862630000000017,-2.865594999999999,10000.0,4.0,2.0
4.0,3.0,0.0,20.28302,31.182769999999977,10000.0,-3.8378070000000015,-1.1812700000000014,10000.0,4.0,2.0
2.0,0.0,2.0,10.421780000000012,0.0,42.28095000000002,-1.0894179999999984,0.0,-3.640919,1.0,2.0
5.0,1.0,0.0,9.827439999999996,21.205989999999986,10000.0,-2.5289040000000007,-1.4439029999999988,10000.0,1.0,2.0
3.0,0.0,0.0,20.582670000000007,0.0,10000.0,-2.5058770000000017,0.0,10000.0,0.0,2.0
3.0,3.0,0.0,9.748729999999997,20.87200999999999,10000.0,-2.8702000000000005,-2.673919999999999,10000.0,1.0,2.0
6.0,1.0,0.0,10.058639999999995,76.44666000000001,10000.0,-1.6578540000000004,-3.901031,10000.0,0.0,2.0
2.0,3.0,1.0,10.843549999999992,21.343049999999977,72.87702999999999,-2.7063580000000016,-1.7718409999999984,-1.8996749999999984,1.0,2.0
3.0,0.0,0.0,19.822039999999987,0.0,10000.0,-3.248648,0.0,10000.0,4.0,2.0
2.0,5.0,0.0,9.448700000000002,18.902330000000006,10000.0,-3.045100000000001,-3.9001030000000014,10000.0,1.0,2.0
2.0,0.0,0.0,54.42348999999999,0.0,10000.0,-3.844532000000001,0.0,10000.0,1.0,2.0
3.0,0.0,2.0,10.442299999999989,0.0,53.73268999999999,-2.4070779999999985,0.0,-2.107496000000001,1.0,2.0
4.0,2.0,0.0,19.81679999999997,41.95304999999999,10000.0,-3.0292759999999994,-2.143345,10000.0,1.0,2.0
2.0,0.0,0.0,43.75319999999999,0.0,10000.0,-2.91826,0.0,10000.0,4.0,2.0
3.0,0.0,0.0,20.92456000000001,0.0,10000.0,-2.789549000000001,0.0,10000.0,4.0,2.0
4.0,3.0,0.0,9.514939999999996,18.91672,10000.0,-3.161294999999999,-3.756972999999999,10000.0,1.0,2.0
2.0,3.0,0.0,10.638620000000005,42.60882000000001,10000.0,-3.858025000000002,-3.751100000000001,10000.0,1.0,2.0
2.0,5.0,1.0,20.499480000000005,10.492940000000004,62.19934000000001,-2.440484999999999,-1.177330000000001,-3.281288,1.0,2.0
2.0,3.0,0.0,21.031570000000016,43.89571000000001,10000.0,-1.1796739999999986,-2.989704,10000.0,1.0,2.0
6.0,0.0,0.0,10.757740000000013,10000.0,10000.0,-2.7615799999999986,10000.0,10000.0,1.0,2.0
5.0,0.0,0.0,21.156810000000007,0.0,10000.0,-3.186430000000001,0.0,10000.0,4.0,2.0
4.0,1.0,0.0,30.97919999999999,94.26261999999996,10000.0,-1.4269490000000005,-3.1693330000000017,10000.0,1.0,2.0
1.0,2.0,0.0,70.72776000000002,49.98791,10000.0,-2.092112,-3.3778530000000018,10000.0,1.0,2.0
3.0,3.0,2.0,10.277710000000011,20.85565,42.84279000000001,-3.2386470000000003,-3.403293999999999,-1.7077559999999998,1.0,2.0
4.0,2.0,0.0,10.76314000000002,21.89661000000001,10000.0,-3.3507299999999987,-2.546139,10000.0,1.0,2.0
2.0,0.0,1.0,21.93695,0.0,52.69362000000001,-1.3644099999999997,0.0,-3.0328480000000013,0.0,2.0
4.0,2.0,0.0,10.142119999999975,20.40399,10000.0,-1.8174819999999985,-3.229128,10000.0,4.0,2.0
3.0,2.0,2.0,9.305440000000004,20.381869999999992,30.44075000000001,-3.9635330000000017,-3.661448,-2.138247,4.0,2.0
5.0,0.0,2.0,9.301389999999998,0.0,40.52507,-3.9037900000000008,0.0,-2.7917999999999985,1.0,2.0
2.0,3.0,0.0,19.688330000000008,30.35517000000001,10000.0,-1.5927679999999995,-3.654869999999999,10000.0,1.0,2.0
4.0,2.0,1.0,10.644360000000006,21.78483,73.71911000000003,-1.7336269999999985,-1.3454569999999997,-2.8642429999999983,1.0,2.0
5.0,4.0,0.0,19.83785999999997,10.001109999999985,10000.0,-1.5582080000000005,-3.2737900000000018,10000.0,1.0,2.0
3.0,0.0,0.0,9.683480000000005,0.0,10000.0,-3.8643670000000014,0.0,10000.0,4.0,2.0
3.0,3.0,0.0,10.594750000000005,33.09380999999999,10000.0,-1.9666609999999984,-2.020147000000001,10000.0,1.0,2.0
3.0,0.0,2.0,21.38764999999998,0.0,62.16828999999999,-3.316986,0.0,-3.414197999999999,1.0,2.0
1.0,3.0,2.0,10.500910000000005,19.97295,64.14021000000002,-2.7921119999999995,-3.809483,-1.0643710000000013,4.0,2.0
4.0,1.0,0.0,20.341000000000008,31.45833000000001,10000.0,-1.5063379999999995,-3.560379000000001,10000.0,1.0,2.0
3.0,3.0,0.0,42.235690000000005,20.101640000000003,10000.0,-2.053557999999999,-1.1106550000000013,10000.0,1.0,2.0
3.0,5.0,1.0,21.24203,10.804750000000013,97.29702,-1.3466069999999988,-3.510601000000001,-2.4292739999999995,1.0,2.0
1.0,5.0,0.0,82.34636,20.81178,10000.0,-2.907204,-3.233376,10000.0,1.0,2.0
3.0,3.0,0.0,10.004670000000004,30.14930000000001,10000.0,-1.0242940000000011,-3.471846,10000.0,4.0,2.0
4.0,0.0,0.0,20.496999999999986,0.0,10000.0,-2.0441779999999987,0.0,10000.0,0.0,2.0
4.0,2.0,0.0,20.934330000000017,72.81718000000001,10000.0,-2.0242439999999995,-1.8627530000000008,10000.0,1.0,2.0
4.0,0.0,0.0,11.268429999999997,0.0,10000.0,-1.2551880000000004,0.0,10000.0,1.0,2.0
4.0,4.0,1.0,19.965479999999985,10.525939999999991,70.89993999999999,-2.977599999999999,-3.62501,-3.891195,1.0,2.0
3.0,3.0,2.0,22.34371999999999,11.486160000000012,65.01056,-2.9996550000000006,-2.25489,-1.0132830000000013,1.0,2.0
2.0,4.0,0.0,29.446519999999992,39.76633999999999,10000.0,-3.8598940000000006,-2.6521420000000013,10000.0,4.0,2.0
3.0,4.0,0.0,10.81610999999998,41.14579999999998,10000.0,-1.0998839999999994,-3.977281999999999,10000.0,1.0,2.0
2.0,3.0,0.0,21.02085,32.008729999999986,10000.0,-2.149346999999999,-1.1506749999999997,10000.0,1.0,2.0
4.0,2.0,0.0,10.984410000000024,43.02644000000001,10000.0,-2.8317279999999982,-1.820575999999999,10000.0,4.0,2.0
3.0,2.0,2.0,21.357850000000013,11.625560000000007,80.64079000000001,-1.5792870000000008,-1.981821,-1.97241,2.0,2.0
6.0,1.0,0.0,20.67524,10.89398,10000.0,-3.562180000000001,-3.416993999999999,10000.0,1.0,2.0
2.0,3.0,0.0,41.10540999999998,10.317859999999996,10000.0,-3.1222759999999994,-2.2346530000000016,10000.0,1.0,2.0
6.0,2.0,0.0,20.491299999999995,9.625789999999997,10000.0,-1.0603680000000004,-1.8241499999999995,10000.0,4.0,2.0
3.0,0.0,1.0,10.74185,0.0,63.635670000000005,-2.9578190000000006,0.0,-3.464468,1.0,2.0
3.0,4.0,0.0,10.60729999999998,30.71683999999999,10000.0,-1.4286059999999985,-1.8366429999999987,10000.0,4.0,2.0
2.0,1.0,3.0,18.817570000000018,9.065159999999992,40.23716999999999,-3.65474,-3.856583000000001,-1.5942630000000015,4.0,2.0
3.0,3.0,0.0,22.306549999999987,43.14032999999998,10000.0,-2.599606999999999,-2.5227429999999984,10000.0,4.0,2.0
4.0,0.0,0.0,10.956859999999978,0.0,10000.0,-1.7521950000000004,0.0,10000.0,1.0,2.0
3.0,0.0,2.0,9.83551,0.0,32.66339000000002,-1.8819519999999983,0.0,-2.779817999999999,1.0,2.0
1.0,1.0,0.0,61.552490000000006,94.11731,10000.0,-3.8898870000000016,-2.0361480000000007,10000.0,4.0,2.0
3.0,2.0,2.0,10.263110000000012,41.01502000000002,61.82660000000001,-1.944382000000001,-3.317274000000001,-3.2844450000000016,1.0,2.0
1.0,3.0,0.0,51.52565999999999,32.423039999999986,10000.0,-2.267544000000001,-2.130163,10000.0,4.0,2.0
1.0,4.0,0.0,33.89433,11.464439999999996,10000.0,-3.610395000000001,-1.6545829999999988,10000.0,4.0,2.0
3.0,3.0,0.0,41.86879999999999,21.24668,10000.0,-2.747689999999998,-1.6248989999999992,10000.0,1.0,2.0
3.0,4.0,0.0,10.98487,21.681690000000003,10000.0,-1.8596840000000008,-2.6791020000000003,10000.0,4.0,2.0
5.0,0.0,0.0,20.23751000000001,0.0,10000.0,-1.2267170000000007,0.0,10000.0,4.0,2.0
4.0,3.0,1.0,22.03258,10.753430000000009,71.95537000000002,-1.4066240000000008,-2.485206999999999,-1.1378699999999995,4.0,2.0
4.0,0.0,0.0,11.156149999999997,0.0,10000.0,-2.531756999999999,0.0,10000.0,4.0,2.0
3.0,4.0,0.0,19.70168000000001,9.670739999999997,10000.0,-2.452839000000001,-3.273814999999999,10000.0,1.0,2.0
5.0,3.0,0.0,21.02702,11.016559999999998,10000.0,-3.778254,-1.6013979999999997,10000.0,1.0,2.0
4.0,0.0,2.0,9.629190000000024,0.0,42.74758,-3.198017,0.0,-3.8730350000000016,1.0,2.0
2.0,5.0,0.0,33.71734999999998,21.992619999999988,10000.0,-1.193128999999999,-1.9574740000000013,10000.0,1.0,2.0
3.0,5.0,0.0,10.581379999999996,20.51326,10000.0,-2.6465470000000018,-1.8420179999999995,10000.0,4.0,2.0
5.0,0.0,1.0,11.10951,0.0,97.52089,-2.4741609999999987,0.0,-2.597328000000001,4.0,2.0
3.0,0.0,0.0,31.03766999999999,0.0,10000.0,-3.4653150000000004,0.0,10000.0,4.0,2.0
3.0,2.0,0.0,22.69487000000001,11.083830000000006,10000.0,-1.4969,-1.2696590000000008,10000.0,0.0,2.0
5.0,3.0,0.0,11.123580000000004,31.33142000000001,10000.0,-2.228003000000001,-3.690145000000001,10000.0,1.0,2.0
4.0,1.0,0.0,20.917630000000003,10.394919999999985,10000.0,-2.4482,-3.872087000000001,10000.0,1.0,2.0
4.0,2.0,2.0,20.88363000000001,11.046130000000003,73.49649,-2.1756,-1.0650879999999994,-3.4628660000000018,4.0,2.0
6.0,3.0,0.0,21.332850000000008,10.317560000000014,10000.0,-3.2132359999999984,-1.4922450000000005,10000.0,1.0,2.0
4.0,0.0,2.0,9.601030000000009,0.0,41.21847,-2.8735180000000007,0.0,-2.002344000000001,4.0,2.0
4.0,0.0,0.0,22.6747,0.0,10000.0,-1.986763,0.0,10000.0,1.0,2.0
2.0,3.0,3.0,21.00824,10.139820000000014,41.59456,-2.348766000000001,-1.7498989999999992,-1.4259820000000012,1.0,2.0
5.0,2.0,0.0,29.89385000000001,50.566670000000016,10000.0,-3.5813619999999986,-1.685493000000001,10000.0,1.0,2.0
4.0,3.0,0.0,41.917190000000005,10.271889999999985,10000.0,-1.3665920000000007,-1.3846239999999987,10000.0,1.0,2.0
5.0,0.0,0.0,10.010419999999982,0.0,10000.0,-3.2814559999999986,0.0,10000.0,1.0,2.0
6.0,0.0,0.0,11.331630000000018,0.0,10000.0,-2.4238660000000003,0.0,10000.0,4.0,2.0
4.0,1.0,2.0,19.71695,39.6001,61.19123999999999,-1.8000900000000009,-2.512169,-3.406037999999999,1.0,2.0
3.0,0.0,0.0,10.488200000000006,0.0,10000.0,-1.2160660000000014,0.0,10000.0,1.0,2.0
4.0,1.0,2.0,22.7577,94.80148,63.55365999999998,-2.1845420000000004,-1.1968780000000017,-1.838593,4.0,2.0
2.0,0.0,2.0,21.842749999999995,0.0,43.67723999999998,-2.4132299999999987,0.0,-1.0260050000000014,1.0,2.0
4.0,3.0,1.0,9.699669999999998,31.312420000000003,83.01806999999997,-2.7152299999999983,-2.1810459999999985,-3.9727539999999983,4.0,2.0
2.0,0.0,2.0,10.329759999999991,0.0,22.07911999999999,-3.915813,0.0,-1.4586770000000016,4.0,2.0
4.0,1.0,0.0,30.221589999999992,92.60377999999996,10000.0,-3.1422199999999982,-3.364184999999999,10000.0,1.0,2.0
4.0,0.0,0.0,11.32265000000001,0.0,10000.0,-1.1902749999999995,0.0,10000.0,1.0,2.0
1.0,3.0,1.0,20.441029999999984,9.638619999999976,74.23080999999999,-2.7277720000000016,-3.446629999999999,-3.8631670000000007,1.0,2.0
5.0,0.0,0.0,10.552660000000005,0.0,10000.0,-3.278858,0.0,10000.0,4.0,2.0
4.0,3.0,0.0,10.413510000000002,30.756820000000005,10000.0,-3.792662,-2.5811770000000003,10000.0,4.0,2.0
5.0,2.0,0.0,10.03716,30.671579999999977,10000.0,-3.0474999999999994,-1.1790279999999989,10000.0,1.0,2.0
3.0,0.0,0.0,11.23523,0.0,10000.0,-2.915908999999999,0.0,10000.0,0.0,2.0
4.0,3.0,1.0,29.27667,9.67015999999998,90.92046999999997,-3.462553,-1.9160749999999995,-3.85031,1.0,2.0
5.0,2.0,0.0,10.210999999999984,20.56968999999998,10000.0,-1.7619800000000012,-2.7706449999999982,10000.0,1.0,2.0
3.0,0.0,3.0,11.345670000000013,0.0,42.882450000000006,-1.377281,0.0,-3.83363,4.0,2.0
3.0,0.0,2.0,9.758790000000005,0.0,40.44635,-1.7250349999999983,0.0,-2.766497000000001,4.0,2.0
3.0,3.0,0.0,9.818540000000011,19.92532,10000.0,-1.909227000000001,-2.3765490000000007,10000.0,1.0,2.0
5.0,2.0,0.0,10.17985999999999,42.59646000000001,10000.0,-1.8501699999999983,-2.1722280000000005,10000.0,1.0,2.0
3.0,0.0,0.0,11.210099999999985,0.0,10000.0,-3.0728909999999985,0.0,10000.0,4.0,2.0
5.0,0.0,0.0,30.68710999999999,0.0,10000.0,-2.5991040000000005,0.0,10000.0,4.0,2.0
3.0,3.0,0.0,21.277440000000013,52.29692,10000.0,-1.61965,-1.8096330000000016,10000.0,4.0,2.0
6.0,0.0,1.0,10.01639,0.0,84.3674,-3.6764800000000015,0.0,-1.3419950000000007,1.0,2.0
5.0,2.0,0.0,10.50197,31.19514000000001,10000.0,-2.1568739999999984,-1.5514599999999987,10000.0,1.0,2.0
3.0,1.0,3.0,10.476609999999994,71.68690000000001,20.76323,-3.688424999999999,-3.128819,-1.145506000000001,4.0,2.0
4.0,2.0,0.0,20.8381,39.99352000000002,10000.0,-1.1495999999999995,-1.6497819999999983,10000.0,1.0,2.0
1.0,2.0,0.0,21.74425,85.75430000000003,10000.0,-3.069697999999999,-3.5350910000000013,10000.0,4.0,2.0
4.0,0.0,1.0,42.35073,0.0,84.23160000000001,-3.2028180000000006,0.0,-3.716923000000001,1.0,2.0
4.0,0.0,0.0,9.692589999999996,0.0,10000.0,-2.8646010000000004,0.0,10000.0,4.0,2.0
3.0,0.0,2.0,9.990340000000003,0.0,44.08376999999999,-2.0815069999999984,0.0,-1.023136000000001,1.0,2.0
5.0,0.0,0.0,9.718649999999997,0.0,10000.0,-3.6647849999999984,0.0,10000.0,4.0,2.0
4.0,4.0,0.0,10.38424999999998,31.96499,10000.0,-2.799795,-2.301317000000001,10000.0,1.0,2.0
2.0,0.0,2.0,11.205929999999997,0.0,41.84281999999999,-1.7095659999999988,0.0,-3.7702959999999983,1.0,2.0
3.0,3.0,0.0,21.132719999999978,31.723009999999988,10000.0,-1.7101080000000015,-2.395805,10000.0,4.0,2.0
2.0,0.0,1.0,19.94593999999998,0.0,51.223689999999976,-3.307554,0.0,-2.401218,4.0,2.0
1.0,3.0,2.0,30.836979999999983,51.634330000000006,62.35181,-3.4651889999999987,-2.224450000000001,-2.1633570000000013,1.0,2.0
1.0,6.0,0.0,9.820539999999994,20.233569999999983,10000.0,-3.121269999999999,-3.2663420000000016,10000.0,1.0,2.0
3.0,1.0,0.0,20.520009999999985,64.03598,10000.0,-3.492016,-1.0175149999999995,10000.0,4.0,2.0
5.0,1.0,0.0,10.908199999999994,30.68656999999999,10000.0,-1.7967399999999998,-3.579014000000001,10000.0,1.0,2.0
2.0,0.0,0.0,20.81855999999999,0.0,10000.0,-1.933231,0.0,10000.0,4.0,2.0
3.0,2.0,0.0,9.666539999999998,39.15948,10000.0,-2.194099999999999,-2.9721100000000007,10000.0,4.0,2.0
3.0,2.0,0.0,19.70934,29.42523999999997,10000.0,-2.9132019999999983,-1.6062340000000006,10000.0,1.0,2.0
2.0,6.0,1.0,30.263890000000004,9.278250000000014,49.47216,-1.7335320000000003,-3.917002,-2.783021999999999,4.0,2.0
5.0,1.0,0.0,11.438119999999998,23.019299999999987,10000.0,-2.157820000000001,-1.090997999999999,10000.0,4.0,2.0
5.0,0.0,0.0,9.492799999999988,0.0,10000.0,-2.4521939999999987,0.0,10000.0,1.0,2.0
4.0,0.0,2.0,10.597409999999996,0.0,50.89983000000001,-3.1825599999999987,0.0,-3.333136,1.0,2.0
2.0,0.0,0.0,10.126980000000003,0.0,10000.0,-1.6402399999999986,0.0,10000.0,1.0,2.0
4.0,1.0,0.0,10.956729999999991,72.18893999999997,10000.0,-3.1346510000000016,-3.261099999999999,10000.0,1.0,2.0
4.0,2.0,0.0,29.82799,19.517500000000013,10000.0,-3.528756999999999,-3.855979999999999,10000.0,1.0,2.0
4.0,3.0,0.0,11.791930000000008,62.25889999999998,10000.0,-1.252178000000001,-2.0004099999999987,10000.0,4.0,2.0
2.0,0.0,0.0,19.79731000000001,0.0,10000.0,-2.7341559999999987,0.0,10000.0,2.0,2.0
4.0,3.0,1.0,11.762070000000024,21.804640000000006,53.86316000000002,-1.7403140000000017,-2.186522,-1.6236110000000004,1.0,2.0
2.0,3.0,0.0,65.31877,33.014759999999995,10000.0,-1.0698599999999985,-3.922004999999999,10000.0,4.0,2.0
3.0,1.0,0.0,20.65827999999999,85.10109999999997,10000.0,-2.152944999999999,-1.7695450000000008,10000.0,3.0,2.0
3.0,2.0,0.0,30.81953999999999,21.227509999999995,10000.0,-3.339468,-3.64959,10000.0,0.0,2.0
1.0,0.0,0.0,52.40134999999998,0.0,10000.0,-3.6781830000000006,0.0,10000.0,4.0,2.0
2.0,1.0,0.0,22.05054000000001,53.14468,10000.0,-2.0921650000000014,-3.950078999999999,10000.0,4.0,2.0
3.0,2.0,0.0,20.45741000000001,9.699250000000006,10000.0,-3.384186,-1.5991649999999993,10000.0,1.0,2.0
3.0,0.0,0.0,10.193059999999974,0.0,10000.0,-2.848797000000001,0.0,10000.0,4.0,2.0
2.0,2.0,0.0,19.59801999999999,29.821020000000004,10000.0,-1.256803999999999,-1.661556000000001,10000.0,1.0,2.0
2.0,3.0,1.0,9.71908000000002,19.663340000000005,71.29617000000002,-1.7733120000000009,-1.517544000000001,-2.490402,1.0,2.0
6.0,1.0,0.0,9.800659999999992,30.807050000000004,10000.0,-1.497389999999999,-3.645782000000001,10000.0,0.0,2.0
5.0,3.0,0.0,21.184600000000017,10.651940000000025,10000.0,-1.042898000000001,-2.215081999999999,10000.0,4.0,2.0
4.0,0.0,0.0,20.35917999999998,0.0,10000.0,-1.1654969999999985,0.0,10000.0,1.0,2.0
3.0,0.0,0.0,40.193959999999976,0.0,10000.0,-3.184850000000001,0.0,10000.0,1.0,2.0
