vehicles_in_ego_lane,vehicles_in_left_lane,vehicles_in_right_lane,closest_in_ego_lane_dist,closest_left_lane_dist,closest_right_lane_dist,relative_velocity_ego_lane,relative_velocity_left_lane,relative_velocity_right_lane,action,binary_target
4.0,0.0,2.0,9.915410000000008,0.0,69.64632,-2.629249999999999,0.0,-3.224257000000001,4.0,1
3.0,4.0,0.0,21.22789,10.646799999999985,0.0,-1.7382400000000011,-3.2286530000000013,0.0,4.0,1
2.0,4.0,2.0,20.533470000000023,40.34256000000002,10.13470000000001,-1.9052010000000017,-2.5648519999999984,-3.2563460000000006,4.0,1
2.0,4.0,2.0,64.24566999999999,11.388589999999994,32.81198999999998,-1.103905000000001,-2.60773,-1.114916000000001,1.0,1
1.0,1.0,4.0,91.01565,30.249220000000008,10.10936000000001,-1.882833000000001,-1.4371299999999998,-3.438866000000001,1.0,1
4.0,2.0,2.0,40.18115,30.360070000000007,9.66055,-2.946686,-1.836561,-3.4558940000000007,1.0,1
2.0,0.0,1.0,30.54939999999999,0.0,84.60968999999997,-2.3694820000000014,0.0,-2.8046700000000016,4.0,1
2.0,0.0,3.0,21.558969999999988,0.0,11.009520000000007,-3.398859999999999,0.0,-1.1173129999999991,4.0,1
3.0,2.0,1.0,32.29499999999999,53.59952000000001,64.67685,-3.510517,-2.3167420000000014,-2.5661929999999984,1.0,1
3.0,0.0,2.0,9.769929999999988,10000.0,41.784310000000005,-3.073702000000001,10000.0,-1.96199,4.0,1
1.0,3.0,2.0,68.74592999999999,18.8758,49.68912,-1.7452620000000003,-3.29092,-3.521132000000001,1.0,1
2.0,1.0,4.0,11.49451000000002,53.491330000000005,33.08298000000002,-2.0370579999999983,-3.103774999999999,-2.5938529999999997,4.0,1
2.0,0.0,4.0,11.48787999999999,10000.0,61.50435999999999,-1.0502530000000014,10000.0,-2.059963,1.0,1
1.0,1.0,3.0,68.86847,80.23988,9.84702999999999,-2.4236770000000014,-2.605322000000001,-1.4259899999999988,1.0,1
3.0,1.0,3.0,10.242729999999996,62.64033999999998,31.79459,-1.4668349999999997,-1.797619000000001,-1.3955300000000008,4.0,1
1.0,0.0,4.0,60.89187000000001,0.0,20.696560000000005,-2.812984,0.0,-2.8805939999999985,1.0,1
5.0,2.0,2.0,19.669230000000027,9.58969000000002,60.79239000000001,-3.253703999999999,-3.541449,-2.170313,4.0,1
2.0,3.0,0.0,50.13332,10.693129999999996,10000.0,-3.1861479999999998,-1.3487420000000014,10000.0,1.0,1
0.0,0.0,5.0,10000.0,0.0,10.356329999999986,10000.0,0.0,-2.4619870000000006,1.0,1
5.0,0.0,2.0,10.029939999999982,0.0,19.86881,-2.493977000000001,0.0,-3.097857000000001,4.0,1
4.0,0.0,2.0,23.282070000000004,0.0,42.25756999999999,-1.7261409999999984,0.0,-3.289826999999999,1.0,1
1.0,0.0,3.0,81.84405000000001,0.0,22.63142000000002,-2.74419,0.0,-1.7362269999999995,1.0,1
1.0,0.0,5.0,10.288879999999978,10000.0,20.885969999999983,-2.9359840000000013,10000.0,-2.3849240000000016,4.0,1
2.0,0.0,4.0,32.363020000000006,0.0,11.735500000000002,-2.4754639999999988,0.0,-1.318275,1.0,1
4.0,1.0,1.0,18.76656,72.67827,9.497070000000008,-3.618433,-3.0876309999999982,-3.003311,4.0,1
2.0,5.0,1.0,10.137329999999992,21.513810000000007,42.01762,-2.72541,-2.275497000000001,-3.961641,4.0,1
2.0,2.0,0.0,10.115019999999989,30.965389999999985,0.0,-3.1227300000000007,-3.3327659999999995,0.0,4.0,1
1.0,0.0,3.0,9.770800000000008,0.0,52.1044,-2.26662,0.0,-1.1037999999999997,4.0,1
4.0,2.0,0.0,21.77273,10.7603,0.0,-1.0929070000000003,-2.721039000000001,0.0,1.0,1
1.0,3.0,4.0,71.73298,19.91753,10.36921000000001,-1.172578999999999,-3.539959,-1.300764000000001,1.0,1
4.0,2.0,2.0,9.82383999999999,31.338799999999992,20.29443000000001,-2.4370860000000008,-1.493964999999999,-3.0972669999999987,4.0,1
3.0,3.0,0.0,9.86315000000002,40.40964000000002,0.0,-1.9461380000000013,-2.172459,0.0,4.0,1
2.0,0.0,3.0,54.89178999999999,0.0,33.45706999999999,-3.80856,0.0,-1.2880819999999993,1.0,1
3.0,0.0,4.0,52.35073,0.0,20.99180000000001,-2.495255,0.0,-3.2207529999999984,1.0,1
4.0,1.0,0.0,10.05867999999998,91.63313,0.0,-1.6400170000000005,-2.769034999999999,0.0,4.0,1
4.0,3.0,0.0,32.278160000000014,21.41672,0.0,-1.5685019999999987,-2.4085539999999988,0.0,1.0,1
1.0,1.0,0.0,21.26311000000001,32.67223000000001,0.0,-3.465698,-1.2417979999999993,0.0,1.0,1
1.0,2.0,3.0,21.14530000000002,61.22615000000002,42.06881000000001,-1.6503179999999986,-3.1023390000000006,-1.5093040000000002,4.0,1
4.0,2.0,2.0,10.748670000000004,52.53936999999999,63.65102999999999,-1.669979999999999,-3.604175999999999,-3.191901999999999,4.0,1
2.0,3.0,2.0,40.05312000000001,19.8185,30.25684000000001,-1.5620270000000005,-3.1981530000000014,-2.481178,1.0,1
1.0,3.0,0.0,64.12598000000003,11.32677000000001,0.0,-2.095993,-2.507769,0.0,1.0,1
2.0,2.0,1.0,75.01827,10.382299999999988,43.05233999999999,-1.4681110000000004,-2.1829569999999983,-1.5150809999999986,1.0,1
3.0,2.0,0.0,41.55261999999999,9.367889999999989,0.0,-1.8724960000000015,-3.437258,0.0,1.0,1
3.0,4.0,2.0,11.123320000000009,41.60612,31.86797999999999,-3.3436179999999998,-3.595410000000001,-1.341239999999999,4.0,1
3.0,0.0,3.0,9.413510000000002,0.0,30.216740000000016,-2.601885,0.0,-3.924216999999999,4.0,1
2.0,0.0,2.0,61.86209,0.0,40.56359999999998,-3.899677000000001,0.0,-2.40964,1.0,1
5.0,1.0,2.0,20.295000000000016,9.94856999999999,64.43289999999999,-2.6237010000000005,-3.316223000000001,-1.3100829999999988,4.0,1
3.0,3.0,2.0,41.450710000000015,10.176970000000011,30.90178,-2.5747,-2.700949999999999,-3.6990149999999993,4.0,1
0.0,0.0,4.0,10000.0,0.0,52.85314,10000.0,0.0,-2.655235000000001,1.0,1
0.0,2.0,6.0,10000.0,50.80645000000001,10.880719999999997,10000.0,-2.3334940000000017,-3.1211990000000007,1.0,1
3.0,0.0,1.0,22.0112,0.0,10.87939,-3.324584999999999,0.0,-1.6540150000000011,4.0,1
2.0,3.0,0.0,40.51749000000001,19.636169999999996,0.0,-1.6711799999999997,-3.2141650000000013,0.0,1.0,1
3.0,0.0,1.0,40.63466,0.0,70.46475000000001,-3.6184860000000008,0.0,-2.7867619999999995,4.0,1
4.0,1.0,0.0,11.691540000000003,95.36049999999996,0.0,-1.1896400000000007,-1.804848,0.0,4.0,1
3.0,2.0,2.0,32.35808,52.828310000000016,21.26330000000001,-2.844750000000001,-1.818874000000001,-1.069319,4.0,1
1.0,0.0,2.0,30.285949999999985,0.0,51.13698,-3.7805180000000007,0.0,-1.3836629999999983,1.0,1
5.0,0.0,3.0,10.39154000000002,10000.0,20.413690000000003,-2.7900659999999995,10000.0,-3.7380920000000017,4.0,1
2.0,6.0,1.0,31.627749999999992,21.43422000000001,11.288150000000002,-1.4985539999999986,-3.207654999999999,-1.7618159999999996,1.0,1
2.0,2.0,0.0,41.86015,30.610730000000014,0.0,-1.3921969999999997,-1.452375,0.0,1.0,1
3.0,2.0,0.0,41.87492,30.97811999999999,0.0,-2.782959999999999,-3.9859389999999983,0.0,1.0,1
4.0,0.0,2.0,10.529919999999976,0.0,20.578779999999995,-3.125463,0.0,-1.4151339999999983,4.0,1
2.0,0.0,2.0,41.38590000000002,0.0,21.03546,-2.412495,0.0,-1.0420760000000016,1.0,1
4.0,1.0,2.0,54.25444000000002,94.57009000000002,10.958920000000006,-3.959757,-3.1475009999999983,-2.801945,4.0,1
4.0,2.0,1.0,19.23096000000001,9.48196999999999,61.52651,-1.3709740000000004,-2.852808,-3.999099999999999,1.0,1
2.0,2.0,4.0,9.971829999999985,50.30398,19.489679999999996,-1.698608,-2.171327999999999,-3.913733000000001,4.0,1
1.0,5.0,1.0,52.23296000000002,21.13037,31.46651,-1.2183230000000016,-3.122216999999999,-1.566244000000001,1.0,1
4.0,2.0,0.0,11.652029999999996,33.18536,0.0,-1.7127690000000015,-1.295522999999999,0.0,4.0,1
1.0,2.0,5.0,44.25802999999999,10.987570000000003,21.17836,-1.212012999999999,-1.7683719999999994,-3.96229,1.0,1
2.0,0.0,3.0,9.621479999999991,0.0,19.149730000000005,-2.5102800000000016,0.0,-2.990686,4.0,1
2.0,3.0,1.0,43.83680000000001,54.12396000000001,11.167519999999996,-2.021923000000001,-2.3859080000000006,-3.1051879999999983,1.0,1
3.0,2.0,4.0,10.27588,30.918080000000003,20.92759000000001,-3.3103140000000018,-2.4537119999999994,-1.4141730000000017,4.0,1
4.0,1.0,0.0,10.997720000000015,30.301110000000023,0.0,-1.6654739999999997,-2.598811999999999,0.0,4.0,1
4.0,0.0,2.0,20.220920000000007,0.0,30.914439999999985,-1.3253969999999988,0.0,-1.4000379999999986,4.0,1
2.0,0.0,2.0,11.686309999999992,0.0,41.27179000000001,-1.7697469999999988,0.0,-3.557130000000001,4.0,1
3.0,4.0,2.0,31.841910000000013,11.158649999999994,21.058600000000013,-2.9074899999999992,-1.1238160000000017,-1.380431999999999,1.0,1
3.0,5.0,0.0,19.28397000000001,9.688479999999998,10000.0,-2.483889999999999,-2.3662409999999987,10000.0,1.0,1
1.0,3.0,0.0,50.24307000000002,9.888200000000012,0.0,-3.569175999999999,-2.5629139999999992,0.0,1.0,1
1.0,2.0,3.0,10.628320000000002,53.25737000000001,21.990669999999994,-1.0001260000000016,-1.8132629999999992,-2.028352999999999,4.0,1
0.0,0.0,2.0,10000.0,0.0,30.741529999999983,10000.0,0.0,-2.262160999999999,1.0,1
2.0,0.0,4.0,10.579059999999998,0.0,20.12442000000001,-3.4151670000000003,0.0,-3.5514699999999984,4.0,1
1.0,1.0,0.0,49.12294,58.87275,0.0,-2.8209419999999987,-1.466673,0.0,4.0,1
0.0,0.0,3.0,10000.0,0.0,42.209179999999975,10000.0,0.0,-1.8317130000000008,1.0,1
2.0,2.0,1.0,21.58417999999997,62.673899999999975,42.83311999999998,-1.3067400000000011,-2.9880889999999987,-3.718095999999999,4.0,1
2.0,0.0,5.0,10.952079999999995,0.0,51.71794,-2.7994400000000006,0.0,-3.994036000000001,4.0,1
3.0,0.0,0.0,10.377700000000004,0.0,10000.0,-3.244364000000001,0.0,10000.0,4.0,1
1.0,1.0,3.0,21.440390000000008,30.85065,52.51691,-3.034507999999999,-3.7606,-3.5849149999999987,1.0,1
2.0,3.0,3.0,21.77409,42.52389,33.06849,-2.016684000000001,-3.583556999999999,-1.0181159999999991,4.0,1
1.0,5.0,0.0,84.43431000000001,20.688109999999995,0.0,-2.1803799999999995,-3.899462,0.0,1.0,1
1.0,4.0,0.0,43.4093,22.08882,0.0,-2.76643,-1.515049999999999,0.0,1.0,1
1.0,1.0,5.0,21.407260000000008,62.11663999999999,31.718639999999997,-2.387948999999999,-1.8578550000000007,-2.775058999999999,4.0,1
3.0,2.0,3.0,11.34196,41.73307,31.202820000000003,-2.0642239999999994,-2.8444059999999998,-3.3345990000000008,4.0,1
1.0,2.0,3.0,9.626800000000005,41.36892,20.40105,-2.2987290000000016,-3.6583159999999992,-1.5726680000000002,4.0,1
3.0,3.0,0.0,20.701249999999987,11.489199999999984,0.0,-3.2532250000000005,-2.2466159999999995,0.0,1.0,1
3.0,1.0,3.0,63.85415,41.97704999999999,9.476439999999997,-1.0424119999999988,-3.6123699999999994,-3.684515000000001,1.0,1
2.0,1.0,2.0,21.564519999999987,96.33956999999998,53.02161000000001,-2.474138,-3.859155999999999,-3.225645,4.0,1
1.0,4.0,0.0,74.73894000000001,10.446920000000006,0.0,-1.1277539999999997,-1.3698440000000005,0.0,1.0,1
2.0,0.0,3.0,10.159850000000006,0.0,42.94896,-3.483982000000001,0.0,-3.227879000000001,4.0,1
1.0,1.0,2.0,94.91132,20.99687,9.406390000000016,-3.346888,-1.2776829999999997,-3.537395,1.0,1
2.0,3.0,1.0,28.551540000000017,9.640330000000006,70.19258000000002,-2.8859299999999983,-3.734680000000001,-1.0076269999999994,1.0,1
2.0,2.0,1.0,9.751949999999994,63.38574,42.95912999999999,-3.230148,-3.039171,-1.6444720000000004,4.0,1
2.0,1.0,3.0,9.952190000000002,69.38365000000002,40.02237000000002,-1.4808699999999997,-2.7404769999999985,-3.7920529999999992,4.0,1
1.0,2.0,0.0,53.47906,63.50864999999999,0.0,-2.8499890000000008,-3.6974139999999984,0.0,1.0,1
0.0,3.0,2.0,10000.0,21.716140000000024,42.450920000000025,10000.0,-3.805596999999999,-2.445205999999999,1.0,1
0.0,2.0,0.0,10000.0,44.24667,0.0,10000.0,-3.567896000000001,0.0,1.0,1
1.0,0.0,5.0,85.92557000000002,0.0,10.198940000000022,-3.186489999999999,0.0,-2.4513299999999987,1.0,1
4.0,1.0,1.0,10.523469999999977,61.62239,40.92728,-3.548480999999999,-3.999773000000001,-2.058187,4.0,1
3.0,2.0,0.0,59.81639000000001,10.135770000000008,0.0,-3.105335,-2.887360000000001,0.0,1.0,1
1.0,6.0,0.0,62.52269999999999,11.77312999999998,0.0,-3.841159999999999,-1.0531749999999995,0.0,1.0,1
2.0,4.0,0.0,21.15069,11.036670000000017,0.0,-1.5193730000000016,-1.5492969999999993,0.0,1.0,1
3.0,2.0,3.0,44.39856,11.48717000000002,21.44043000000002,-1.7942099999999996,-1.9211500000000008,-3.782084999999999,1.0,1
3.0,0.0,1.0,20.40206999999998,0.0,50.91463999999999,-2.2514779999999988,0.0,-2.06644,1.0,1
2.0,2.0,2.0,20.81909999999999,81.35607999999999,42.01199,-2.8113460000000003,-2.939177000000001,-2.039114000000001,4.0,1
1.0,2.0,4.0,39.57965999999999,9.829309999999992,19.85234,-1.360707999999999,-2.2737139999999982,-2.412754,1.0,1
2.0,2.0,3.0,61.70934,29.22796,9.739869999999996,-3.4800830000000005,-3.096264000000001,-3.3000770000000017,1.0,1
1.0,0.0,1.0,20.383399999999995,0.0,93.55005999999996,-3.491978,0.0,-2.8085249999999995,4.0,1
2.0,2.0,2.0,42.97165999999999,21.953029999999984,74.86724999999998,-2.316101,-2.1544230000000013,-2.365082000000001,1.0,1
1.0,0.0,3.0,64.10937000000001,0.0,22.142030000000005,-2.8380170000000007,0.0,-2.785696000000001,1.0,1
2.0,0.0,1.0,61.66857999999999,0.0,41.58087,-3.2867490000000004,0.0,-2.880503000000001,1.0,1
2.0,0.0,1.0,20.51563999999999,0.0,30.883819999999982,-2.4117029999999997,0.0,-1.8154129999999995,4.0,1
1.0,3.0,3.0,62.384690000000006,9.807710000000014,19.36067,-2.1508879999999984,-3.1856350000000013,-3.738356,1.0,1
3.0,0.0,2.0,31.979780000000005,0.0,63.43428,-2.631933,0.0,-2.2761539999999982,4.0,1
2.0,2.0,1.0,65.79497999999998,22.66807,10.922329999999988,-1.5417389999999995,-1.7673449999999988,-1.322897000000001,1.0,1
3.0,0.0,3.0,9.413510000000002,0.0,30.216740000000016,-2.601885,0.0,-3.924216999999999,4.0,1
4.0,1.0,2.0,54.25444000000002,94.57009000000002,10.958920000000006,-3.959757,-3.1475009999999983,-2.801945,4.0,1
6.0,2.0,0.0,20.80798000000001,9.800450000000012,10000.0,-3.773544000000001,-1.7513870000000011,10000.0,1.0,1
3.0,4.0,2.0,11.402680000000004,43.32529,32.348420000000004,-1.207896999999999,-1.3179200000000009,-2.0609660000000005,4.0,1
2.0,1.0,0.0,53.06588000000002,85.45694000000003,0.0,-3.0759240000000005,-1.3465500000000006,0.0,1.0,1
2.0,3.0,4.0,10.570979999999992,64.80738,22.031199999999984,-1.8792760000000008,-1.537903,-2.2760700000000007,4.0,1
1.0,3.0,4.0,82.24132000000003,31.778040000000004,21.652230000000003,-3.8248330000000017,-2.3205220000000004,-1.4038000000000004,1.0,1
1.0,3.0,0.0,54.62919000000002,11.036910000000006,0.0,-2.2914239999999992,-3.0120700000000014,0.0,1.0,1
3.0,0.0,2.0,43.703840000000014,0.0,11.348219999999998,-1.8003229999999988,0.0,-2.3166520000000013,1.0,1
1.0,3.0,0.0,54.09872999999999,20.87075999999999,0.0,-3.2521249999999995,-3.885513,0.0,4.0,1
2.0,1.0,2.0,10.148529999999994,74.69116,42.71498,-2.3598539999999986,-2.0154929999999998,-3.311926,4.0,1
1.0,0.0,3.0,10.497090000000014,0.0,21.244140000000016,-2.0677090000000007,0.0,-2.526903000000001,4.0,1
2.0,1.0,2.0,52.18113,62.349620000000016,9.50036,-2.228940000000001,-2.4555149999999983,-2.815382,1.0,1
2.0,3.0,2.0,39.25125,10.54013999999998,50.25128999999998,-1.5397320000000008,-2.723006999999999,-1.886223000000001,1.0,1
0.0,2.0,0.0,10000.0,52.605500000000006,0.0,10000.0,-1.3004759999999995,0.0,1.0,1
3.0,0.0,1.0,50.95464999999999,0.0,9.370389999999986,-2.133455000000001,0.0,-2.737127000000001,1.0,1
2.0,3.0,3.0,74.2072,10.431299999999991,21.310759999999988,-2.4308319999999988,-3.685806,-3.7584820000000008,1.0,1
0.0,3.0,3.0,10000.0,21.934620000000024,11.173660000000012,10000.0,-3.495289,-3.3775960000000005,1.0,1
0.0,0.0,3.0,10000.0,0.0,42.209179999999975,10000.0,0.0,-1.8317130000000008,1.0,1
3.0,0.0,1.0,30.65279000000001,0.0,52.18102999999999,-1.5835289999999986,0.0,-1.6604479999999988,4.0,1
0.0,2.0,4.0,10000.0,32.338179999999994,21.998249999999985,10000.0,-3.4683840000000004,-2.4364999999999988,1.0,1
4.0,0.0,0.0,11.43010000000001,10000.0,0.0,-2.4267140000000005,10000.0,0.0,4.0,1
2.0,2.0,0.0,32.59227999999999,52.88022999999998,0.0,-2.4138279999999988,-3.270657,0.0,4.0,1
5.0,3.0,1.0,31.56491,10.270290000000015,20.971810000000005,-3.3607060000000004,-2.5953480000000013,-1.4404280000000007,4.0,1
3.0,1.0,3.0,31.48981000000001,93.48279,9.853970000000004,-1.2676450000000017,-1.468931000000001,-2.77721,4.0,1
3.0,3.0,1.0,42.90816000000001,10.621049999999997,63.22874999999999,-3.228235000000001,-2.642949999999999,-3.985137999999999,1.0,1
3.0,1.0,3.0,40.96340000000001,29.361729999999994,19.87678,-2.213877,-2.6049700000000016,-3.683706000000001,1.0,1
1.0,2.0,0.0,52.48325,10.006910000000005,0.0,-2.7220730000000017,-3.4204599999999985,0.0,1.0,1
3.0,0.0,1.0,22.0112,0.0,10.87939,-3.324584999999999,0.0,-1.6540150000000011,4.0,1
2.0,0.0,3.0,10.636750000000006,0.0,41.03539999999998,-1.1460100000000004,0.0,-3.077482,4.0,1
2.0,2.0,3.0,42.86757,53.67568,9.840000000000003,-2.179686,-2.472415999999999,-3.6682510000000015,1.0,1
1.0,4.0,3.0,50.40271000000001,11.17192,40.89829,-3.1530650000000016,-2.382048000000001,-2.9244480000000017,1.0,1
2.0,0.0,2.0,20.76109,0.0,41.40402,-3.3892729999999998,0.0,-1.5423340000000003,4.0,1
0.0,3.0,5.0,10000.0,20.79426000000001,9.824280000000016,10000.0,-2.723837,-1.7436749999999996,1.0,1
1.0,2.0,4.0,53.27851999999999,21.980099999999997,11.239629999999975,-1.2690100000000015,-2.2235890000000005,-3.1904220000000016,1.0,1
1.0,2.0,4.0,53.64549,42.94438,31.47209000000001,-1.6627159999999996,-1.8011049999999995,-1.9212670000000005,1.0,1
1.0,2.0,0.0,41.74211,52.43311,0.0,-3.066925000000001,-2.972211999999999,0.0,4.0,1
1.0,4.0,1.0,84.09499000000002,20.106509999999982,73.70088000000001,-3.509160999999999,-2.5798929999999984,-1.4175429999999984,1.0,1
3.0,3.0,2.0,19.24342000000001,9.821420000000018,41.69927000000001,-3.669502000000002,-3.5335500000000017,-1.7910959999999996,4.0,1
2.0,0.0,4.0,32.83784,0.0,21.99127000000001,-2.471806000000001,0.0,-2.2032890000000016,4.0,1
3.0,0.0,0.0,54.65426,10000.0,0.0,-2.3406309999999984,10000.0,0.0,1.0,1
3.0,3.0,1.0,10.147729999999996,20.50645,63.40896000000001,-3.713028000000001,-1.9808249999999996,-2.678367999999999,4.0,1
0.0,0.0,3.0,10000.0,0.0,42.14304000000001,10000.0,0.0,-3.774576,1.0,1
1.0,3.0,0.0,21.77682999999999,31.46798000000001,0.0,-2.3960399999999997,-2.8131999999999984,0.0,4.0,1
2.0,2.0,2.0,50.86142000000001,11.086479999999996,30.074150000000003,-2.990599,-2.9421880000000016,-2.133901999999999,1.0,1
2.0,3.0,3.0,71.75957,10.22215,21.39554000000001,-3.447790000000001,-2.3979800000000004,-3.4853939999999994,1.0,1
2.0,1.0,4.0,10.54522,73.25673,20.65169,-2.013655,-2.831244999999999,-3.13466,4.0,1
2.0,2.0,4.0,52.787120000000016,72.30827000000002,11.099250000000012,-3.636340000000001,-2.2638929999999995,-2.9047899999999984,4.0,1
4.0,1.0,0.0,22.009390000000025,41.73404000000002,0.0,-3.200254000000001,-3.3617360000000005,0.0,4.0,1
2.0,2.0,3.0,11.528609999999986,22.470370000000003,43.88231999999999,-1.206237999999999,-2.1501160000000006,-3.4938129999999994,1.0,1
3.0,3.0,2.0,53.34406999999999,11.263170000000002,32.41387999999998,-3.838493,-2.7888340000000014,-1.2471080000000008,1.0,1
2.0,2.0,0.0,33.581950000000006,22.49897999999999,0.0,-2.8950840000000007,-1.661249999999999,0.0,4.0,1
2.0,3.0,0.0,21.488399999999984,63.05981,0.0,-3.5667599999999986,-3.1393410000000017,0.0,4.0,1
2.0,0.0,2.0,40.98254,0.0,19.23889,-3.173658,0.0,-3.7704999999999984,4.0,1
2.0,3.0,1.0,40.51320000000001,10.16589000000002,19.83244000000002,-2.499039,-2.494060000000001,-2.5399990000000017,4.0,1
1.0,3.0,0.0,59.49727999999999,10.823919999999989,0.0,-2.6295800000000007,-2.7617200000000004,0.0,1.0,1
1.0,0.0,5.0,76.52411000000001,10000.0,32.29714000000001,-1.3500389999999989,10000.0,-1.404786999999999,1.0,1
3.0,3.0,2.0,9.90895999999998,50.31725,30.654939999999986,-2.9385030000000008,-3.444455999999999,-3.5759030000000003,4.0,1
3.0,2.0,0.0,20.676150000000007,10.197120000000012,0.0,-1.641252999999999,-2.985819,0.0,4.0,1
1.0,1.0,6.0,43.16403,54.58814000000001,10.86466999999999,-3.749880000000001,-1.4026430000000012,-3.076283,4.0,1
4.0,3.0,0.0,20.89812999999998,10.255229999999983,0.0,-2.554396000000001,-1.3455869999999983,0.0,1.0,1
2.0,0.0,4.0,22.079320000000024,0.0,11.19338000000002,-3.510871999999999,0.0,-2.3890300000000018,4.0,1
3.0,0.0,4.0,10.151640000000016,0.0,20.40172000000001,-3.3992630000000013,0.0,-2.4544050000000013,4.0,1
3.0,2.0,0.0,65.72388000000001,20.97747000000001,10000.0,-1.851659999999999,-1.866491,10000.0,1.0,1
1.0,1.0,6.0,30.57705999999999,21.180029999999988,9.491899999999989,-3.2883299999999984,-1.8463610000000017,-3.884426000000001,1.0,1
2.0,0.0,4.0,73.63385,0.0,10.880860000000013,-1.0277230000000015,0.0,-2.9068369999999994,1.0,1
3.0,1.0,0.0,39.86001999999999,61.70272,0.0,-3.763639999999999,-2.3187390000000008,0.0,4.0,1
4.0,1.0,0.0,30.806720000000013,63.68398000000002,0.0,-1.8003269999999991,-2.0458399999999983,0.0,4.0,1
0.0,0.0,3.0,10000.0,0.0,30.05798999999999,10000.0,0.0,-1.1118640000000006,1.0,1
2.0,0.0,3.0,21.558969999999988,0.0,11.009520000000007,-3.398859999999999,0.0,-1.1173129999999991,4.0,1
5.0,2.0,1.0,10.73293000000001,20.38927000000001,82.24634,-1.6350610000000003,-2.4694730000000007,-2.163336000000001,4.0,1
1.0,4.0,1.0,94.52355,11.070390000000003,42.289270000000016,-2.4611850000000004,-3.191212,-2.2806500000000014,1.0,1
1.0,3.0,0.0,64.28357000000003,31.91762,0.0,-3.226685,-3.1292100000000005,0.0,1.0,1
5.0,1.0,0.0,9.552599999999984,73.65879999999999,0.0,-2.8405510000000014,-1.9107190000000005,0.0,4.0,1
4.0,0.0,2.0,11.81140000000002,10000.0,40.87515000000002,-1.1002140000000011,10000.0,-3.505189999999999,4.0,1
2.0,0.0,3.0,9.621479999999991,0.0,19.149730000000005,-2.5102800000000016,0.0,-2.990686,4.0,1
3.0,2.0,3.0,10.251310000000018,31.36694,51.95624000000001,-2.272482,-1.0077549999999995,-2.025257,4.0,1
2.0,0.0,2.0,9.287289999999985,0.0,51.16296,-3.362494999999999,0.0,-2.36374,4.0,1
5.0,2.0,1.0,9.854489999999998,64.77375,85.8432,-3.3905700000000003,-1.7995909999999995,-2.9802779999999984,4.0,1
3.0,2.0,2.0,10.05501000000001,63.1507,31.56031999999999,-1.4179549999999992,-2.014906,-3.112171,4.0,1
3.0,0.0,3.0,42.01633000000001,0.0,22.31220000000002,-2.912443,0.0,-1.7967280000000017,4.0,1
1.0,6.0,0.0,22.23138,11.581760000000004,0.0,-1.2229610000000015,-1.464098,0.0,1.0,1
2.0,1.0,4.0,10.960710000000006,82.55405999999999,30.786,-1.1531960000000012,-1.9351699999999996,-3.5263160000000013,4.0,1
2.0,0.0,4.0,42.409760000000006,0.0,31.061289999999985,-1.2840629999999995,0.0,-2.646750000000001,4.0,1
1.0,4.0,2.0,65.48188000000002,23.07195999999999,11.489560000000012,-1.1501270000000012,-1.3658660000000005,-2.483595000000001,1.0,1
2.0,2.0,3.0,10.93556000000001,53.02875,21.589200000000005,-3.4493620000000007,-2.912685,-2.709928999999999,4.0,1
4.0,2.0,1.0,10.634280000000018,41.12074000000001,62.06963000000002,-1.6591929999999984,-2.8634030000000017,-1.3721940000000004,4.0,1
3.0,0.0,1.0,30.42191,0.0,20.24259999999998,-1.8211699999999984,0.0,-1.3713970000000018,1.0,1
0.0,0.0,2.0,10000.0,0.0,42.39169000000001,10000.0,0.0,-2.515566,1.0,1
5.0,0.0,2.0,11.25591,0.0,44.39950999999999,-1.8263029999999996,0.0,-2.567778000000001,4.0,1
3.0,1.0,3.0,20.150229999999997,9.943250000000006,30.802359999999997,-2.899414,-1.9692149999999984,-3.973790000000001,4.0,1
2.0,2.0,3.0,52.56648999999999,40.66465,10.814719999999994,-1.203043000000001,-3.401575000000001,-2.360157000000001,1.0,1
1.0,0.0,1.0,95.50432999999998,0.0,11.48187999999999,-3.3036080000000005,0.0,-1.907672999999999,1.0,1
2.0,2.0,3.0,30.88306,21.141369999999995,41.84715,-2.8881629999999987,-1.2202170000000017,-1.6981350000000006,1.0,1
1.0,3.0,0.0,11.32984000000002,22.70885000000001,0.0,-1.3971310000000017,-2.2322859999999984,0.0,4.0,1
3.0,2.0,1.0,31.630169999999996,20.495569999999987,83.54100999999997,-1.4488869999999991,-1.045572,-2.266596,4.0,1
1.0,3.0,0.0,72.14844,9.211729999999989,0.0,-2.443363000000001,-3.595987000000001,0.0,4.0,1
2.0,4.0,0.0,33.50219000000001,22.68816000000001,0.0,-3.965357000000001,-1.7394490000000005,0.0,4.0,1
3.0,0.0,5.0,22.553390000000007,0.0,11.364450000000003,-2.715703999999999,0.0,-1.3318559999999984,1.0,1
3.0,1.0,0.0,30.00726,92.52621,0.0,-3.773665999999999,-3.0207799999999985,0.0,4.0,1
2.0,0.0,3.0,20.557630000000017,0.0,30.823590000000024,-2.7601660000000017,0.0,-2.0153260000000017,4.0,1
1.0,3.0,2.0,71.49941000000001,9.87169,20.22426000000001,-2.1614320000000014,-1.056273000000001,-1.6854000000000011,1.0,1
1.0,0.0,2.0,91.53537,0.0,40.63393000000002,-3.0072730000000014,0.0,-2.107222,1.0,1
4.0,0.0,4.0,19.83068,10000.0,9.934740000000003,-3.826146999999999,10000.0,-1.1895559999999996,4.0,1
2.0,0.0,5.0,11.22897999999998,0.0,20.87905999999998,-3.3274040000000014,0.0,-2.0954359999999994,4.0,1
2.0,0.0,4.0,51.80596,0.0,10.15628000000001,-1.7878019999999992,0.0,-3.45401,1.0,1
1.0,1.0,6.0,94.07567999999998,72.45952,9.899810000000002,-2.434339999999999,-1.827490000000001,-1.923382,4.0,1
3.0,1.0,2.0,21.81371000000001,32.883970000000005,10.99654000000001,-3.7509349999999984,-2.519938,-1.3071650000000012,4.0,1
3.0,2.0,0.0,10.68798000000001,21.36318,0.0,-1.7448370000000004,-1.1679780000000015,0.0,4.0,1
2.0,1.0,3.0,9.952190000000002,69.38365000000002,40.02237000000002,-1.4808699999999997,-2.7404769999999985,-3.7920529999999992,4.0,1
2.0,1.0,0.0,30.975480000000005,42.14887999999999,0.0,-1.4597760000000015,-2.381499999999999,0.0,4.0,1
4.0,3.0,1.0,40.24391,11.381769999999989,72.18557999999999,-2.111298000000001,-2.7139109999999995,-2.9235320000000016,1.0,1
3.0,1.0,2.0,52.346570000000014,73.34424000000001,31.53984,-2.113754,-3.8611530000000016,-3.2764339999999983,1.0,1
2.0,2.0,2.0,52.90771999999998,31.851319999999987,20.73961,-3.800709999999999,-3.446548,-2.367521,1.0,1
3.0,3.0,1.0,10.147729999999996,20.50645,63.40896000000001,-3.713028000000001,-1.9808249999999996,-2.678367999999999,4.0,1
1.0,1.0,5.0,21.407260000000008,62.11663999999999,31.718639999999997,-2.387948999999999,-1.8578550000000007,-2.775058999999999,4.0,1
3.0,3.0,3.0,31.23418000000001,10.964280000000002,40.78708,-3.134819,-2.311606999999998,-2.658169000000001,4.0,1
3.0,1.0,3.0,10.242729999999996,62.64033999999998,31.79459,-1.4668349999999997,-1.797619000000001,-1.3955300000000008,4.0,1
3.0,1.0,1.0,51.03858,61.24871999999999,9.61408,-3.509754000000001,-3.084757,-1.8402770000000004,4.0,1
2.0,1.0,3.0,10.681699999999978,31.154709999999994,62.6472,-3.714617000000001,-2.002434000000001,-1.6781000000000006,4.0,1
0.0,4.0,0.0,10000.0,20.47493,0.0,10000.0,-2.345431999999999,0.0,1.0,1
2.0,1.0,4.0,10.337790000000012,19.41255000000001,29.47019,-2.843824000000001,-3.7785949999999993,-2.419785000000001,4.0,1
0.0,4.0,3.0,10000.0,30.185669999999988,72.63646,10000.0,-1.719975999999999,-1.2306999999999988,1.0,1
1.0,3.0,4.0,49.29223999999999,9.355980000000017,19.07580999999999,-3.0160620000000016,-2.9996170000000006,-2.310006999999999,1.0,1
3.0,1.0,0.0,51.4401,30.647459999999995,10000.0,-2.4203660000000013,-1.426838,10000.0,1.0,1
0.0,0.0,4.0,10000.0,0.0,31.94216,10000.0,0.0,-2.492016,1.0,1
0.0,0.0,2.0,10000.0,0.0,85.99590000000003,10000.0,0.0,-2.072023000000001,1.0,1
1.0,5.0,3.0,63.739840000000015,31.255920000000003,10.322850000000017,-1.7048549999999985,-3.424116000000001,-3.672974,1.0,1
3.0,2.0,2.0,10.05501000000001,63.1507,31.56031999999999,-1.4179549999999992,-2.014906,-3.112171,4.0,1
1.0,4.0,0.0,69.69183999999998,10.362719999999996,0.0,-1.8983859999999984,-2.6627699999999983,0.0,1.0,1
2.0,1.0,2.0,32.45543999999998,9.6635,53.80058,-2.2554739999999995,-3.7075460000000007,-2.3834930000000014,1.0,1
4.0,1.0,2.0,20.851249999999997,72.78117,40.32492000000002,-2.1684170000000016,-3.29307,-3.2495839999999987,4.0,1
1.0,0.0,3.0,40.89243999999999,0.0,20.89388,-3.448452,0.0,-3.2381530000000005,1.0,1
4.0,3.0,0.0,21.60814000000002,11.913490000000024,0.0,-1.8508220000000009,-1.0599500000000006,0.0,1.0,1
2.0,2.0,0.0,11.478759999999994,42.0335,0.0,-1.954419999999999,-1.620156999999999,0.0,4.0,1
1.0,0.0,2.0,95.5423,0.0,21.79741999999999,-3.2214980000000004,0.0,-3.3228930000000005,1.0,1
4.0,1.0,3.0,10.120440000000002,85.74025,63.81721999999999,-2.79834,-3.9322450000000018,-1.966667000000001,4.0,1
4.0,2.0,2.0,40.18115,30.360070000000007,9.66055,-2.946686,-1.836561,-3.4558940000000007,1.0,1
0.0,0.0,2.0,10000.0,0.0,20.600709999999992,10000.0,0.0,-2.1128180000000008,1.0,1
4.0,1.0,2.0,20.451150000000013,92.42793,50.499330000000015,-1.7496089999999995,-1.6484740000000002,-2.874656999999999,4.0,1
2.0,2.0,2.0,50.86142000000001,11.086479999999996,30.074150000000003,-2.990599,-2.9421880000000016,-2.133901999999999,1.0,1
4.0,3.0,1.0,9.668140000000022,53.53360000000001,62.918920000000014,-3.624600000000001,-2.951516999999999,-3.966984,4.0,1
1.0,2.0,3.0,72.86234999999999,20.255830000000003,9.664089999999987,-1.3526360000000004,-2.5032080000000008,-3.5048700000000004,1.0,1
1.0,5.0,0.0,9.804129999999986,20.265770000000003,10000.0,-3.8827399999999983,-1.1550709999999995,10000.0,4.0,1
1.0,0.0,2.0,40.088190000000026,0.0,50.53212000000002,-2.462323999999999,0.0,-2.4216750000000005,1.0,1
2.0,0.0,4.0,42.409760000000006,0.0,31.061289999999985,-1.2840629999999995,0.0,-2.646750000000001,4.0,1
3.0,4.0,1.0,10.95492999999999,20.15286999999998,41.59497999999999,-1.7645899999999983,-3.923513,-1.5008009999999992,4.0,1
3.0,1.0,5.0,11.114069999999998,52.77119000000002,22.39152000000001,-3.342993,-2.4812259999999995,-2.188165999999999,4.0,1
3.0,0.0,2.0,41.96996999999999,0.0,21.62742,-2.1945669999999997,0.0,-3.0258220000000016,1.0,1
1.0,0.0,2.0,62.75234,0.0,32.82151999999999,-2.164847999999999,0.0,-1.1755889999999989,1.0,1
4.0,2.0,0.0,19.8887,61.03787,0.0,-3.512087000000001,-1.828367,0.0,4.0,1
1.0,1.0,5.0,73.63671,31.11760000000001,10.70013,-2.9524480000000004,-1.3151249999999983,-1.7586000000000013,1.0,1
1.0,1.0,3.0,68.86847,80.23988,9.84702999999999,-2.4236770000000014,-2.605322000000001,-1.4259899999999988,1.0,1
4.0,0.0,3.0,22.22519,0.0,42.57556,-1.1156669999999984,0.0,-3.0976800000000004,1.0,1
5.0,3.0,1.0,11.583640000000004,22.17186000000001,74.19895,-1.0930299999999988,-2.9362449999999995,-3.4080429999999997,4.0,1
3.0,3.0,2.0,9.814729999999996,20.364139999999992,40.5771,-1.9778580000000008,-3.073295999999999,-1.2197600000000008,4.0,1
1.0,3.0,2.0,11.704730000000012,33.820539999999994,23.043350000000004,-1.3123460000000016,-2.8565439999999995,-1.3600439999999985,4.0,1
1.0,2.0,2.0,75.77198999999999,10.139999999999986,53.65192999999999,-1.6849169999999989,-1.92783,-2.0457800000000006,1.0,1
3.0,3.0,0.0,9.919970000000006,21.04277000000002,0.0,-1.9810160000000003,-3.344479,0.0,4.0,1
3.0,0.0,2.0,21.40073000000001,0.0,31.42965000000001,-1.6015900000000016,0.0,-2.6202140000000007,4.0,1
1.0,0.0,6.0,40.74247,0.0,10.955659999999996,-3.763527,0.0,-2.7779200000000017,4.0,1
5.0,2.0,0.0,20.929910000000007,63.23517999999999,0.0,-1.1893369999999983,-2.3220859999999988,0.0,4.0,1
0.0,0.0,4.0,10000.0,0.0,52.85314,10000.0,0.0,-2.655235000000001,1.0,1
3.0,4.0,0.0,49.863,20.08178000000001,0.0,-3.017980000000001,-3.2974500000000013,0.0,1.0,1
3.0,2.0,0.0,21.42131999999998,10.322419999999994,0.0,-1.1691740000000015,-3.701698,0.0,4.0,1
5.0,2.0,2.0,10.871170000000006,63.67992000000001,31.596010000000007,-2.9940320000000007,-1.3408149999999992,-2.411034000000001,4.0,1
2.0,3.0,3.0,20.64129,30.11487,10.45183,-2.7311249999999987,-3.458939000000001,-3.4183999999999983,4.0,1
1.0,2.0,4.0,94.79674000000004,42.389970000000005,20.23683,-2.298048000000001,-2.2259390000000003,-2.5474679999999985,1.0,1
2.0,1.0,3.0,39.18019999999999,28.970219999999983,10.028140000000008,-1.0557079999999992,-3.927520000000001,-1.105556,1.0,1
1.0,2.0,1.0,9.69159000000002,42.43642,72.42137,-3.792255000000001,-3.459033999999999,-1.6541250000000003,4.0,1
2.0,1.0,0.0,42.77256000000003,11.147160000000014,10000.0,-2.719622000000001,-3.4087120000000013,10000.0,1.0,1
3.0,4.0,0.0,41.44971999999999,20.469490000000008,0.0,-2.9700099999999985,-1.2231640000000006,0.0,4.0,1
4.0,1.0,1.0,19.66179,51.78172000000001,40.80293,-3.8945079999999983,-3.9282600000000016,-3.329806999999999,4.0,1
2.0,4.0,0.0,63.32691999999997,42.19031999999999,10000.0,-3.018778000000001,-2.9065280000000016,10000.0,1.0,1
3.0,2.0,2.0,64.58347,21.561530000000005,10.423210000000012,-2.1163200000000018,-3.067492999999999,-1.0591560000000015,1.0,1
3.0,0.0,3.0,21.062580000000025,0.0,10.726080000000024,-3.24831,0.0,-2.641558,4.0,1
3.0,2.0,3.0,42.38415999999998,30.74006999999997,10.727129999999988,-1.0425569999999986,-3.82931,-1.370664999999999,1.0,1
2.0,1.0,4.0,19.91055,10.261660000000006,52.61288999999999,-1.7995829999999984,-3.1485480000000017,-1.8947000000000005,1.0,1
1.0,2.0,5.0,51.83281,10.610749999999996,20.71204,-3.065342000000001,-3.2560199999999995,-2.004622000000001,1.0,1
3.0,0.0,3.0,20.70070000000001,0.0,41.960440000000006,-1.9162269999999992,0.0,-2.1103479999999983,4.0,1
1.0,0.0,4.0,51.32132999999999,0.0,20.17416,-3.652011999999999,0.0,-3.47299,1.0,1
2.0,0.0,1.0,60.99652,0.0,51.39448999999999,-3.7467979999999983,0.0,-1.9151649999999985,4.0,1
1.0,3.0,2.0,52.017229999999984,10.819459999999992,42.15749,-1.2101289999999985,-2.299109999999999,-1.473863999999999,1.0,1
1.0,3.0,0.0,20.69032000000001,10.087520000000012,0.0,-2.590708,-2.7586569999999995,0.0,4.0,1
1.0,1.0,3.0,30.13490999999999,41.16595000000001,10.220910000000003,-2.898482999999999,-3.1542640000000013,-2.5617330000000003,4.0,1
1.0,1.0,1.0,64.00927000000001,74.82907999999998,21.354299999999995,-3.671253,-3.361149000000001,-3.521388999999999,1.0,1
3.0,2.0,3.0,10.15997999999999,51.17806999999999,41.07562999999999,-1.6410060000000009,-1.9031720000000012,-2.893787,4.0,1
2.0,2.0,2.0,40.65902,10.297480000000007,20.064539999999997,-2.092790000000001,-1.0062029999999993,-1.3668200000000006,1.0,1
4.0,0.0,1.0,21.420379999999994,0.0,43.18356,-1.1912979999999995,0.0,-2.3421780000000005,1.0,1
3.0,2.0,2.0,32.668139999999994,10.797380000000004,74.06947,-3.2512100000000004,-3.4100949999999983,-2.752089999999999,1.0,1
2.0,3.0,2.0,31.58634999999998,10.761959999999988,20.915419999999983,-1.0265099999999985,-1.4339259999999996,-3.27018,1.0,1
0.0,4.0,0.0,10000.0,22.62609999999998,0.0,10000.0,-2.0059240000000003,0.0,1.0,1
4.0,1.0,0.0,30.24342000000001,20.967430000000007,0.0,-3.0705430000000007,-3.652082,0.0,1.0,1
4.0,0.0,0.0,62.96252999999999,0.0,10000.0,-3.4486890000000017,0.0,10000.0,4.0,1
2.0,4.0,0.0,43.22585999999998,21.214949999999988,0.0,-2.8672000000000004,-3.8049810000000015,0.0,1.0,1
1.0,1.0,2.0,32.453720000000004,62.53268,11.141539999999992,-1.5099799999999988,-1.7015610000000017,-3.132439999999999,1.0,1
2.0,3.0,4.0,30.49056999999999,9.7928,20.63873000000001,-1.631730000000001,-2.3552630000000008,-3.056839,4.0,1
2.0,1.0,0.0,41.5119,94.62446,0.0,-3.6523530000000015,-3.4145569999999985,0.0,4.0,1
4.0,2.0,0.0,39.74355,9.858450000000005,0.0,-3.835728,-3.3381390000000017,0.0,1.0,1
4.0,2.0,0.0,31.97283999999999,9.851679999999988,0.0,-1.4400399999999998,-3.661788999999999,0.0,4.0,1
5.0,2.0,0.0,11.053509999999989,21.061489999999992,0.0,-2.7050230000000006,-1.1764200000000002,0.0,4.0,1
1.0,2.0,0.0,43.25926999999999,22.47555,0.0,-1.6355509999999995,-1.4313089999999988,0.0,4.0,1
3.0,0.0,1.0,11.607120000000007,0.0,96.90985,-1.9533729999999991,0.0,-1.5709480000000011,4.0,1
1.0,0.0,3.0,70.929,0.0,30.862319999999983,-2.1801320000000004,0.0,-1.7838290000000008,1.0,1
3.0,2.0,1.0,21.11448000000001,31.535680000000013,75.25933,-2.786016,-1.1349069999999983,-1.2185130000000015,4.0,1
2.0,4.0,2.0,43.71283,21.230369999999997,11.02104,-1.1482729999999997,-3.700541999999999,-3.1444170000000007,1.0,1
2.0,5.0,2.0,38.02053000000001,9.525020000000012,80.77486999999999,-3.747900000000001,-2.692373,-3.2380850000000017,4.0,1
2.0,2.0,0.0,43.34839000000002,10.419320000000027,0.0,-2.5981880000000004,-3.948761000000001,0.0,1.0,1
1.0,4.0,3.0,41.50725999999997,31.394979999999972,10.593679999999978,-1.2027500000000018,-3.62342,-3.067824999999999,1.0,1
2.0,1.0,4.0,10.337790000000012,19.41255000000001,29.47019,-2.843824000000001,-3.7785949999999993,-2.419785000000001,4.0,1
1.0,4.0,2.0,65.48188000000002,23.07195999999999,11.489560000000012,-1.1501270000000012,-1.3658660000000005,-2.483595000000001,1.0,1
1.0,4.0,3.0,84.05312000000004,9.55713,30.71774000000002,-1.2942490000000006,-2.2965149999999994,-2.6630290000000016,1.0,1
2.0,1.0,2.0,31.941039999999987,75.66887,42.28399999999999,-2.927973000000001,-1.5420969999999985,-1.4097389999999983,4.0,1
4.0,0.0,1.0,11.64891,0.0,96.2352,-1.1390740000000008,0.0,-3.3469809999999995,4.0,1
3.0,2.0,0.0,20.676150000000007,10.197120000000012,0.0,-1.641252999999999,-2.985819,0.0,4.0,1
3.0,3.0,0.0,31.92552000000001,11.104029999999996,0.0,-2.587140000000001,-3.130120999999999,0.0,4.0,1
2.0,1.0,3.0,9.636060000000017,51.60336000000001,20.957120000000003,-2.4812030000000007,-2.7110330000000005,-2.301328999999999,4.0,1
2.0,2.0,1.0,30.350319999999986,51.52983999999998,20.888319999999997,-2.98265,-3.568916000000001,-3.4429990000000004,4.0,1
0.0,2.0,4.0,10000.0,42.59492999999998,21.01557,10000.0,-2.4618070000000003,-3.2017039999999994,1.0,1
3.0,3.0,2.0,31.43495999999999,20.577379999999977,51.26512,-2.461400000000001,-2.938597000000001,-3.338978000000001,4.0,1
3.0,0.0,3.0,10.375380000000009,0.0,30.280730000000005,-2.2618560000000016,0.0,-2.4702589999999987,4.0,1
0.0,4.0,0.0,10000.0,11.340300000000012,0.0,10000.0,-2.9914510000000014,0.0,1.0,1
1.0,0.0,1.0,95.02391,0.0,43.07665,-1.320426999999999,0.0,-3.6043999999999983,1.0,1
2.0,3.0,0.0,11.198939999999991,34.00343999999998,0.0,-2.5895599999999988,-1.2588480000000004,0.0,4.0,1
3.0,4.0,0.0,10.61966000000001,20.4975,0.0,-1.706351999999999,-2.337845000000001,0.0,4.0,1
2.0,0.0,1.0,52.10973000000001,0.0,21.277500000000003,-1.6854300000000002,0.0,-1.550609999999999,1.0,1
2.0,2.0,2.0,33.09365,23.219779999999982,76.77301,-1.9622920000000013,-1.0263120000000008,-2.126187999999999,1.0,1
0.0,0.0,3.0,10000.0,0.0,45.23236,10000.0,0.0,-1.9337790000000008,1.0,1
4.0,2.0,0.0,20.88058000000001,10.461540000000014,0.0,-3.614037,-3.535537999999999,0.0,4.0,1
2.0,2.0,2.0,75.17061000000001,32.30511000000001,10.16144,-2.703873000000001,-1.310167,-2.971779000000001,1.0,1
2.0,1.0,0.0,39.20318,29.91188,0.0,-3.591470000000001,-3.450218,0.0,1.0,1
1.0,3.0,2.0,42.108810000000005,11.22493,21.952609999999996,-3.860437000000001,-2.943878000000001,-2.884398000000001,1.0,1
2.0,1.0,2.0,43.08866,62.91281000000001,52.71837000000002,-1.993628000000001,-3.2490099999999984,-3.669626000000001,1.0,1
2.0,1.0,4.0,22.05292,97.314,11.20304999999999,-2.9326700000000017,-1.9687480000000013,-2.322388,4.0,1
3.0,2.0,0.0,21.98778999999999,43.29685999999998,0.0,-3.5047110000000004,-3.738968,0.0,4.0,1
2.0,1.0,3.0,61.14771999999999,29.49717000000001,9.753029999999995,-1.2349899999999998,-3.4058589999999995,-2.494232,1.0,1
1.0,2.0,3.0,40.15678,19.887310000000014,9.72075000000001,-1.1717510000000004,-3.244827000000001,-3.043482000000001,1.0,1
1.0,0.0,4.0,50.59771999999998,0.0,30.89667999999997,-3.0997559999999997,0.0,-1.6058880000000002,1.0,1
5.0,1.0,2.0,30.78949,20.46444,10.951089999999994,-1.8304839999999984,-3.680112999999999,-3.012854000000001,4.0,1
4.0,3.0,0.0,21.60814000000002,11.913490000000024,0.0,-1.8508220000000009,-1.0599500000000006,0.0,1.0,1
5.0,0.0,1.0,10.283770000000004,0.0,32.67709000000002,-2.7528569999999988,0.0,-2.6311280000000004,1.0,1
2.0,3.0,2.0,32.352059999999994,10.24885999999998,21.542149999999992,-2.177662000000001,-3.486291999999999,-1.8923050000000003,1.0,1
2.0,4.0,1.0,31.569429999999983,21.472430000000003,83.37516,-1.2457470000000015,-3.534846999999999,-3.8711720000000014,1.0,1
3.0,2.0,2.0,10.05501000000001,63.1507,31.56031999999999,-1.4179549999999992,-2.014906,-3.112171,4.0,1
2.0,2.0,2.0,19.98895999999999,41.37177,30.16193000000001,-2.1259060000000005,-1.2967900000000014,-1.7885549999999988,4.0,1
2.0,1.0,2.0,52.9521,21.795259999999985,42.17330999999999,-1.844152000000001,-2.5903360000000006,-3.126629000000001,1.0,1
1.0,3.0,4.0,62.68600999999998,31.41797,20.359250000000003,-1.238157000000001,-1.3598299999999988,-2.6952360000000013,1.0,1
1.0,4.0,0.0,61.06967,9.939369999999997,10000.0,-1.0743560000000016,-3.5122570000000017,10000.0,1.0,1
3.0,2.0,3.0,44.39856,11.48717000000002,21.44043000000002,-1.7942099999999996,-1.9211500000000008,-3.782084999999999,1.0,1
4.0,0.0,1.0,21.956800000000012,0.0,84.62329000000003,-2.3282719999999983,0.0,-1.3480300000000014,4.0,1
3.0,1.0,2.0,31.964429999999997,21.80148,62.48217,-1.7906820000000003,-2.9798620000000007,-2.390476,1.0,1
3.0,4.0,0.0,10.61966000000001,20.4975,0.0,-1.706351999999999,-2.337845000000001,0.0,4.0,1
3.0,0.0,4.0,20.43418,0.0,40.19936000000001,-3.2535649999999983,0.0,-3.615433,4.0,1
5.0,1.0,1.0,9.422879999999992,60.52968999999999,72.29094,-3.5417789999999982,-2.606629999999999,-1.0400750000000016,4.0,1
3.0,1.0,2.0,52.34855999999999,32.308899999999994,42.63934,-3.4254420000000003,-2.819320000000001,-2.4771329999999985,1.0,1
3.0,0.0,1.0,20.691039999999987,0.0,62.36963,-3.775303000000001,0.0,-2.851559999999999,4.0,1
2.0,1.0,0.0,21.58834999999999,72.90120999999999,0.0,-2.816116000000001,-3.3769360000000006,0.0,4.0,1
2.0,0.0,3.0,31.105959999999985,0.0,41.09469999999999,-2.1691879999999983,0.0,-3.9827419999999982,4.0,1
3.0,0.0,1.0,42.996970000000005,0.0,11.61408,-2.602544999999999,0.0,-1.7797240000000016,1.0,1
0.0,3.0,4.0,10000.0,10.262590000000015,30.66479000000001,10000.0,-3.887191999999999,-3.6243519999999982,1.0,1
2.0,2.0,2.0,53.57375000000002,20.717370000000017,31.8655,-2.926414000000001,-3.0562669999999983,-3.5393100000000004,1.0,1
1.0,1.0,5.0,22.020429999999976,43.13251,10.103349999999978,-1.141017999999999,-1.0672679999999986,-2.055133999999999,1.0,1
1.0,2.0,4.0,76.14849000000004,33.77185,11.92425,-3.1165389999999995,-2.98799,-1.0161300000000004,1.0,1
1.0,4.0,2.0,61.21446,18.62303,9.459879999999998,-1.4521520000000017,-3.5647400000000005,-2.5145470000000003,1.0,1
4.0,3.0,2.0,9.861889999999988,41.54181,20.93141,-2.125357000000001,-1.8063700000000007,-2.337484,4.0,1
2.0,3.0,0.0,62.63109,22.013900000000007,0.0,-2.1514029999999984,-1.8769680000000013,0.0,1.0,1
3.0,3.0,2.0,31.43495999999999,20.577379999999977,51.26512,-2.461400000000001,-2.938597000000001,-3.338978000000001,4.0,1
4.0,0.0,2.0,19.97743,10000.0,42.28460999999999,-3.448542,10000.0,-3.2711159999999992,4.0,1
3.0,2.0,3.0,32.82988,10.416930000000008,64.86823000000001,-2.4520100000000014,-2.238769999999999,-1.3632300000000015,1.0,1
1.0,2.0,4.0,19.85883000000001,10.335010000000011,29.48303999999999,-2.462667,-2.251100000000001,-3.4670799999999997,4.0,1
2.0,2.0,3.0,31.95849000000001,22.06747000000001,53.68022000000002,-1.620552,-3.864998,-3.3224750000000007,1.0,1
5.0,0.0,3.0,21.67746,10000.0,10.858090000000004,-1.5551549999999992,10000.0,-3.03773,4.0,1
3.0,5.0,0.0,42.58285000000001,19.47381999999999,0.0,-1.946123,-3.694068999999999,0.0,1.0,1
4.0,0.0,0.0,31.68947,10000.0,0.0,-1.1609079999999992,10000.0,0.0,1.0,1
4.0,0.0,1.0,32.69422,0.0,11.16946999999999,-2.9219359999999988,0.0,-3.351538000000001,1.0,1
1.0,2.0,4.0,73.73348999999999,10.584630000000004,32.23764,-2.5614570000000008,-1.3150650000000006,-2.181291999999999,1.0,1
4.0,0.0,1.0,31.40893,0.0,71.48414,-2.355753,0.0,-3.273195000000001,1.0,1
3.0,1.0,2.0,30.708309999999983,82.561,9.915599999999984,-2.2129939999999984,-3.319942000000001,-1.3530639999999998,4.0,1
1.0,4.0,2.0,85.60173,11.44980000000001,42.61876000000001,-1.399559,-1.608602999999999,-2.121935000000001,1.0,1
1.0,1.0,0.0,94.55122999999998,9.41015999999999,0.0,-3.365679,-3.605663,0.0,1.0,1
3.0,0.0,5.0,40.784760000000006,10000.0,10.39724000000001,-3.880306000000001,10000.0,-1.815722000000001,1.0,1
3.0,1.0,0.0,10.605190000000022,52.47456,0.0,-2.7173900000000017,-3.978186000000001,0.0,4.0,1
1.0,2.0,0.0,84.88958,21.579500000000024,0.0,-1.6186070000000008,-1.3812080000000009,0.0,1.0,1
2.0,2.0,2.0,40.65902,10.297480000000007,20.064539999999997,-2.092790000000001,-1.0062029999999993,-1.3668200000000006,1.0,1
2.0,0.0,6.0,73.20769999999999,0.0,10.851499999999987,-1.7262920000000008,0.0,-1.8396000000000008,1.0,1
0.0,2.0,2.0,10000.0,21.41734,84.31771999999998,10000.0,-3.0353320000000004,-1.6519760000000012,1.0,1
3.0,3.0,2.0,41.450710000000015,10.176970000000011,30.90178,-2.5747,-2.700949999999999,-3.6990149999999993,4.0,1
6.0,1.0,0.0,21.712019999999995,44.35289999999998,0.0,-2.8091350000000013,-3.393405999999999,0.0,4.0,1
2.0,3.0,1.0,10.33168999999998,20.853039999999996,71.64705999999998,-3.4741779999999984,-3.8658050000000017,-1.236699999999999,4.0,1
2.0,0.0,4.0,42.42532,0.0,11.112290000000002,-2.7146030000000003,0.0,-3.076668000000001,1.0,1
4.0,0.0,1.0,52.14016999999998,0.0,61.55170999999999,-2.178925,0.0,-2.742246999999999,1.0,1
3.0,2.0,3.0,20.969329999999985,32.02005,9.682189999999991,-2.1176619999999997,-3.7249830000000017,-3.242982999999999,4.0,1
0.0,4.0,3.0,10000.0,20.84329,10.21304999999998,10000.0,-2.332215999999999,-3.719453999999999,1.0,1
2.0,3.0,3.0,20.02229,30.70202999999998,9.81362999999999,-3.6893369999999983,-3.115803,-3.378546,4.0,1
3.0,2.0,4.0,30.37735999999998,10.489219999999989,20.210829999999987,-1.1378880000000002,-2.932300000000001,-2.6570849999999986,1.0,1
1.0,3.0,2.0,33.407809999999984,43.99064999999999,22.722669999999997,-3.094563000000001,-1.6176129999999986,-1.269445000000001,1.0,1
6.0,1.0,0.0,9.92111,30.97502,0.0,-1.6890600000000011,-3.1146770000000004,0.0,4.0,1
1.0,0.0,2.0,33.61945,0.0,22.74006,-3.893979999999999,0.0,-1.9319689999999987,4.0,1
2.0,0.0,1.0,21.66924,0.0,43.21224000000001,-1.5508060000000017,0.0,-3.983625,1.0,1
1.0,1.0,0.0,31.83237,82.02337000000003,0.0,-1.4708299999999994,-3.6485160000000008,0.0,1.0,1
2.0,4.0,2.0,81.32155999999998,10.554939999999988,29.861339999999984,-1.9812890000000003,-3.9820980000000006,-3.8060250000000018,1.0,1
5.0,2.0,1.0,21.849189999999997,32.68186,11.826940000000008,-3.26614,-2.8175029999999985,-1.129372,4.0,1
2.0,4.0,1.0,52.47112999999999,21.2397,11.18052,-3.793704999999999,-1.1242139999999985,-3.4757539999999985,1.0,1
0.0,0.0,3.0,10000.0,0.0,41.27789000000001,10000.0,0.0,-3.367913999999999,1.0,1
2.0,2.0,3.0,21.875640000000004,63.75206,11.196770000000017,-2.6835559999999994,-1.0751190000000008,-1.3998869999999997,4.0,1
6.0,1.0,0.0,10.261289999999974,21.33005,0.0,-2.680698,-1.7910140000000006,0.0,4.0,1
2.0,4.0,2.0,19.022989999999997,50.09774999999999,9.500229999999988,-2.3618260000000006,-3.347002,-3.437044,4.0,1
3.0,2.0,1.0,9.454679999999996,41.28369000000001,51.74153000000001,-2.7287800000000004,-3.494219000000001,-2.7100620000000006,4.0,1
2.0,2.0,3.0,50.36896999999999,10.686710000000003,20.40176,-3.388058000000001,-2.6726460000000003,-1.542358,1.0,1
4.0,3.0,1.0,20.86336,31.47668999999999,41.28204,-1.1442489999999983,-1.6599700000000013,-2.936197,4.0,1
2.0,3.0,0.0,62.63109,22.013900000000007,0.0,-2.1514029999999984,-1.8769680000000013,0.0,1.0,1
3.0,1.0,4.0,21.524159999999995,71.55982,10.414569999999998,-1.8007659999999994,-1.6902030000000003,-3.6986300000000014,4.0,1
5.0,0.0,1.0,19.86894000000001,0.0,84.81195,-1.1121799999999986,0.0,-3.637815,4.0,1
2.0,0.0,5.0,41.75841999999997,0.0,10.899779999999993,-2.2370240000000017,0.0,-1.6576500000000003,4.0,1
2.0,0.0,3.0,20.84662,0.0,31.678059999999988,-3.2911199999999994,0.0,-3.3419419999999995,4.0,1
1.0,1.0,5.0,80.86847000000003,90.50381000000002,19.91945000000001,-2.63092,-1.957989000000001,-3.945318,1.0,1
3.0,1.0,2.0,38.79883000000001,9.752829999999989,20.186499999999995,-3.739322999999999,-2.9412379999999985,-3.675476,1.0,1
2.0,2.0,2.0,11.416389999999978,51.57919999999999,83.48749999999998,-2.6083089999999984,-1.296278000000001,-2.9989050000000006,4.0,1
3.0,1.0,2.0,9.903609999999986,85.38222999999996,74.08762999999999,-1.9447860000000008,-1.327138999999999,-3.1962529999999987,4.0,1
2.0,0.0,1.0,21.66924,0.0,43.21224000000001,-1.5508060000000017,0.0,-3.983625,1.0,1
1.0,3.0,0.0,51.64997,19.570539999999998,0.0,-2.8135450000000013,-3.081206999999999,0.0,4.0,1
2.0,3.0,0.0,30.76489000000001,51.59873999999999,0.0,-1.3149149999999992,-2.655584000000001,0.0,1.0,1
2.0,1.0,3.0,18.817570000000018,9.065159999999992,40.23716999999999,-3.65474,-3.856583000000001,-1.5942630000000015,2.0,0
3.0,3.0,0.0,9.583339999999993,29.39624000000001,0.0,-3.7528630000000014,-2.280054,0.0,0.0,0
3.0,2.0,0.0,9.921660000000005,19.452560000000005,0.0,-1.4100879999999982,-2.615594999999999,0.0,0.0,0
2.0,0.0,3.0,20.96758,0.0,51.98687999999999,-1.7193320000000014,0.0,-2.670877000000001,2.0,0
3.0,0.0,0.0,19.54549,10000.0,0.0,-1.5493009999999998,10000.0,0.0,0.0,0
7.0,1.0,0.0,21.01854,11.075620000000017,10000.0,-3.774694,-3.1220250000000007,10000.0,2.0,0
1.0,0.0,6.0,41.093800000000016,10000.0,10.949280000000016,-2.269912999999999,10000.0,-3.0131440000000005,0.0,0
3.0,2.0,0.0,30.81953999999999,21.227509999999995,10000.0,-3.339468,-3.64959,10000.0,2.0,0
5.0,3.0,0.0,21.184600000000017,10.651940000000025,10000.0,-1.042898000000001,-2.215081999999999,10000.0,2.0,0
2.0,3.0,0.0,65.31877,33.014759999999995,10000.0,-1.0698599999999985,-3.922004999999999,10000.0,2.0,0
4.0,1.0,0.0,10.969729999999998,32.787800000000004,0.0,-2.5534740000000014,-1.8172099999999995,0.0,0.0,0
3.0,0.0,0.0,42.889069999999975,10000.0,0.0,-1.8426760000000009,10000.0,0.0,0.0,0
0.0,3.0,0.0,10000.0,71.75899000000001,0.0,10000.0,-1.7909469999999992,0.0,3.0,0
5.0,0.0,0.0,20.23751000000001,0.0,10000.0,-1.2267170000000007,0.0,10000.0,2.0,0
5.0,2.0,1.0,9.907119999999992,51.615020000000015,20.25921,-3.046759000000001,-1.3711699999999991,-1.1296709999999983,0.0,0
1.0,0.0,5.0,50.73443,10000.0,9.464640000000005,-1.1871340000000004,10000.0,-2.7711180000000013,0.0,0
4.0,0.0,0.0,11.32265000000001,0.0,10000.0,-1.1902749999999995,0.0,10000.0,2.0,0
3.0,0.0,0.0,11.715760000000015,10000.0,0.0,-1.806562,10000.0,0.0,0.0,0
1.0,0.0,0.0,50.17266000000001,0.0,10000.0,-2.5778399999999984,0.0,10000.0,2.0,0
0.0,0.0,6.0,10000.0,0.0,19.044970000000006,10000.0,0.0,-3.6627350000000014,3.0,0
5.0,2.0,0.0,10.523529999999994,81.62697999999997,10000.0,-1.205635000000001,-2.818724,10000.0,2.0,0
3.0,0.0,0.0,9.949659999999994,10000.0,0.0,-3.43834,10000.0,0.0,0.0,0
4.0,2.0,0.0,11.81511999999998,21.63682,0.0,-1.1314349999999995,-1.3491570000000015,0.0,0.0,0
3.0,4.0,0.0,19.70168000000001,9.670739999999997,10000.0,-2.452839000000001,-3.273814999999999,10000.0,2.0,0
6.0,0.0,1.0,10.855040000000002,10000.0,53.04365999999999,-2.5121879999999983,10000.0,-2.7466800000000013,0.0,0
2.0,0.0,1.0,21.93695,0.0,52.69362000000001,-1.3644099999999997,0.0,-3.0328480000000013,2.0,0
3.0,3.0,0.0,9.687270000000012,40.339860000000016,0.0,-2.5118730000000014,-1.9902610000000005,0.0,0.0,0
4.0,0.0,0.0,42.968440000000015,10000.0,0.0,-3.402643000000001,10000.0,0.0,0.0,0
4.0,1.0,0.0,31.656859999999995,74.97739000000001,10000.0,-1.1845859999999997,-1.3325099999999992,10000.0,2.0,0
3.0,0.0,2.0,11.212170000000016,0.0,30.508160000000004,-1.4112100000000003,0.0,-1.5695900000000016,2.0,0
4.0,0.0,0.0,20.444060000000007,10000.0,0.0,-3.5804769999999984,10000.0,0.0,0.0,0
5.0,1.0,0.0,11.070390000000003,21.500699999999995,0.0,-1.0762329999999984,-1.0896100000000004,0.0,0.0,0
3.0,2.0,0.0,21.80824000000001,53.704620000000006,0.0,-1.2791159999999984,-1.757287999999999,0.0,0.0,0
3.0,0.0,2.0,9.83551,0.0,32.66339000000002,-1.8819519999999983,0.0,-2.779817999999999,2.0,0
2.0,1.0,0.0,22.05054000000001,53.14468,10000.0,-2.0921650000000014,-3.950078999999999,10000.0,2.0,0
4.0,2.0,0.0,20.8381,39.99352000000002,10000.0,-1.1495999999999995,-1.6497819999999983,10000.0,2.0,0
2.0,0.0,0.0,19.79731000000001,0.0,10000.0,-2.7341559999999987,0.0,10000.0,2.0,0
3.0,0.0,0.0,10.488200000000006,0.0,10000.0,-1.2160660000000014,0.0,10000.0,2.0,0
3.0,3.0,0.0,9.748729999999997,20.87200999999999,10000.0,-2.8702000000000005,-2.673919999999999,10000.0,2.0,0
2.0,1.0,4.0,10.91914,40.5574,21.559949999999983,-1.227488000000001,-3.495514,-1.7330599999999985,0.0,0
1.0,0.0,0.0,31.572460000000007,0.0,10000.0,-3.037386000000001,0.0,10000.0,2.0,0
5.0,1.0,0.0,11.438119999999998,23.019299999999987,10000.0,-2.157820000000001,-1.090997999999999,10000.0,2.0,0
1.0,0.0,0.0,43.016970000000015,10000.0,0.0,-2.151848000000001,10000.0,0.0,0.0,0
3.0,2.0,0.0,10.08932999999999,20.591039999999992,0.0,-2.194123999999998,-2.81091,0.0,0.0,0
3.0,0.0,2.0,10.442299999999989,0.0,53.73268999999999,-2.4070779999999985,0.0,-2.107496000000001,2.0,0
3.0,1.0,0.0,9.977319999999992,39.385129999999975,0.0,-2.6045930000000013,-3.027049999999999,0.0,0.0,0
4.0,0.0,0.0,10.956859999999978,0.0,10000.0,-1.7521950000000004,0.0,10000.0,2.0,0
2.0,0.0,0.0,20.690789999999996,10000.0,0.0,-1.3374419999999994,10000.0,0.0,0.0,0
3.0,2.0,0.0,9.666539999999998,39.15948,10000.0,-2.194099999999999,-2.9721100000000007,10000.0,2.0,0
3.0,4.0,2.0,22.54946000000001,11.631290000000009,41.644090000000006,-1.9023320000000008,-2.1088710000000006,-2.777284999999999,2.0,0
3.0,0.0,0.0,10.570360000000022,10000.0,0.0,-3.97289,10000.0,0.0,0.0,0
2.0,3.0,2.0,29.04649000000001,9.463499999999982,60.27264,-2.126256999999999,-3.0773529999999987,-2.462862000000001,2.0,0
3.0,0.0,1.0,32.401610000000005,0.0,51.972320000000025,-2.3192699999999995,0.0,-3.994246,2.0,0
0.0,0.0,5.0,10000.0,0.0,10.584429999999998,10000.0,0.0,-3.2052200000000006,3.0,0
1.0,1.0,0.0,19.85844,94.55535999999998,0.0,-3.3806900000000013,-2.480867,0.0,0.0,0
4.0,2.0,1.0,10.644360000000006,21.78483,73.71911000000003,-1.7336269999999985,-1.3454569999999997,-2.8642429999999983,2.0,0
5.0,1.0,0.0,10.281939999999992,52.74723,0.0,-1.4413550000000015,-1.6104769999999995,0.0,0.0,0
4.0,0.0,0.0,10.163280000000016,10000.0,0.0,-3.1306800000000017,10000.0,0.0,0.0,0
3.0,3.0,0.0,10.594750000000005,33.09380999999999,10000.0,-1.9666609999999984,-2.020147000000001,10000.0,2.0,0
2.0,0.0,0.0,43.75319999999999,0.0,10000.0,-2.91826,0.0,10000.0,2.0,0
2.0,4.0,0.0,52.24601000000001,21.129729999999995,10000.0,-3.604136000000001,-2.0851550000000003,10000.0,2.0,0
3.0,2.0,0.0,10.81234999999998,22.320429999999988,0.0,-1.922089,-2.260555,0.0,0.0,0
4.0,1.0,0.0,11.13275999999999,31.00529,0.0,-1.684861999999999,-2.4661539999999995,0.0,0.0,0
5.0,0.0,0.0,19.557469999999995,10000.0,0.0,-3.0362909999999985,10000.0,0.0,0.0,0
5.0,0.0,0.0,21.156810000000007,0.0,10000.0,-3.186430000000001,0.0,10000.0,2.0,0
4.0,0.0,0.0,11.313119999999998,10000.0,0.0,-2.281303000000001,10000.0,0.0,0.0,0
6.0,2.0,0.0,31.08283,10.20595,10000.0,-1.9917240000000012,-2.7071080000000016,10000.0,2.0,0
4.0,3.0,0.0,9.614029999999984,20.96723,0.0,-2.3790000000000013,-1.1305960000000006,0.0,0.0,0
3.0,2.0,0.0,9.71880999999999,40.86852999999999,0.0,-2.0447859999999984,-1.757356999999999,0.0,0.0,0
5.0,3.0,0.0,11.123580000000004,31.33142000000001,10000.0,-2.228003000000001,-3.690145000000001,10000.0,2.0,0
5.0,1.0,0.0,9.827439999999996,21.205989999999986,10000.0,-2.5289040000000007,-1.4439029999999988,10000.0,2.0,0
4.0,1.0,0.0,20.91126,75.6577,0.0,-1.1128140000000002,-1.41995,0.0,0.0,0
3.0,1.0,0.0,10.894840000000016,52.608900000000006,0.0,-2.170819999999999,-2.736180000000001,0.0,0.0,0
0.0,1.0,0.0,10000.0,44.82883000000001,0.0,10000.0,-1.2564139999999997,0.0,3.0,0
4.0,0.0,2.0,32.25931,10000.0,21.801519999999982,-3.338465,10000.0,-2.903300999999999,0.0,0
2.0,3.0,0.0,10.638620000000005,42.60882000000001,10000.0,-3.858025000000002,-3.751100000000001,10000.0,2.0,0
1.0,2.0,0.0,21.744249999999997,85.75430000000003,10000.0,-3.069697999999999,-3.5350910000000013,10000.0,2.0,0
4.0,1.0,0.0,11.021010000000018,59.6412,0.0,-2.8428059999999995,-3.188623,0.0,0.0,0
4.0,0.0,0.0,9.275360000000006,10000.0,0.0,-3.865196000000001,10000.0,0.0,0.0,0
1.0,2.0,0.0,9.678300000000007,39.97908000000001,0.0,-2.637201000000001,-2.6792930000000013,0.0,0.0,0
2.0,2.0,1.0,10.328789999999998,20.719269999999995,30.788250000000005,-2.4447170000000007,-2.0645789999999984,-2.210657000000001,2.0,0
2.0,3.0,0.0,33.08584999999999,54.88529,0.0,-3.1868899999999982,-1.2415640000000003,0.0,0.0,0
3.0,1.0,0.0,31.88413,94.68664,0.0,-2.214196999999998,-1.4507520000000014,0.0,0.0,0
5.0,0.0,0.0,22.751679999999997,10000.0,0.0,-1.6834339999999983,10000.0,0.0,0.0,0
5.0,0.0,1.0,10.48117000000002,10000.0,19.959280000000007,-3.951445,10000.0,-3.156713,0.0,0
2.0,3.0,3.0,21.00824,10.139820000000014,41.59456,-2.348766000000001,-1.7498989999999992,-1.4259820000000012,2.0,0
0.0,5.0,0.0,10000.0,19.830790000000007,0.0,10000.0,-2.8115430000000003,0.0,3.0,0
2.0,3.0,0.0,9.1438,52.45038,0.0,-3.88842,-3.7754629999999993,0.0,0.0,0
4.0,0.0,0.0,20.570550000000026,10000.0,0.0,-2.7434499999999997,10000.0,0.0,0.0,0
2.0,2.0,0.0,10.05280000000002,30.744159999999997,0.0,-1.8880349999999984,-1.0389119999999998,0.0,0.0,0
3.0,2.0,0.0,11.392310000000007,41.17359999999999,10000.0,-1.7135299999999989,-3.854662000000001,10000.0,2.0,0
3.0,2.0,0.0,10.335250000000002,61.00235000000001,0.0,-1.4504680000000008,-1.1830369999999988,0.0,0.0,0
2.0,0.0,2.0,11.205929999999997,0.0,41.84281999999999,-1.7095659999999988,0.0,-3.7702959999999983,2.0,0
5.0,0.0,0.0,31.57396,10000.0,0.0,-1.9977069999999983,10000.0,0.0,0.0,0
3.0,5.0,1.0,21.24203,10.804750000000013,97.29702,-1.3466069999999988,-3.510601000000001,-2.4292739999999995,2.0,0
0.0,5.0,3.0,10000.0,10.812080000000009,42.263360000000006,10000.0,-2.612617,-2.511037999999999,3.0,0
4.0,3.0,0.0,10.413510000000002,30.756820000000005,10000.0,-3.792662,-2.5811770000000003,10000.0,2.0,0
3.0,0.0,0.0,10.555319999999996,10000.0,0.0,-2.732159,10000.0,0.0,0.0,0
3.0,0.0,0.0,11.23523,0.0,10000.0,-2.915908999999999,0.0,10000.0,2.0,0
2.0,1.0,0.0,10.892539999999997,50.87339,0.0,-1.6731130000000007,-3.312239999999999,0.0,0.0,0
3.0,3.0,0.0,11.171189999999996,20.291930000000008,10000.0,-1.1191299999999984,-3.938832999999999,10000.0,2.0,0
2.0,2.0,0.0,41.48112,63.38753,0.0,-3.745165,-1.8870980000000015,0.0,0.0,0
2.0,0.0,2.0,21.842749999999995,0.0,43.67723999999998,-2.4132299999999987,0.0,-1.0260050000000014,2.0,0
4.0,0.0,3.0,9.963369999999998,10000.0,20.82249999999999,-2.056303,10000.0,-2.316689,0.0,0
6.0,2.0,0.0,10.53277,62.40416999999999,10000.0,-1.5841269999999987,-2.9279420000000016,10000.0,2.0,0
2.0,3.0,0.0,11.177140000000009,51.390240000000006,0.0,-1.8431840000000008,-2.896961000000001,0.0,0.0,0
3.0,2.0,0.0,9.411249999999995,29.04571000000001,0.0,-2.973203999999999,-2.2479879999999994,0.0,0.0,0
4.0,0.0,0.0,10.746340000000004,10000.0,0.0,-1.402156999999999,10000.0,0.0,0.0,0
3.0,0.0,0.0,22.780639999999977,10000.0,0.0,-1.866741000000001,10000.0,0.0,0.0,0
3.0,0.0,0.0,9.799379999999983,10000.0,0.0,-3.7689650000000015,10000.0,0.0,0.0,0
3.0,2.0,0.0,20.45741000000001,9.699250000000006,10000.0,-3.384186,-1.5991649999999993,10000.0,2.0,0
3.0,0.0,0.0,10.880570000000006,0.0,10000.0,-3.652992000000001,0.0,10000.0,2.0,0
4.0,2.0,0.0,11.147729999999996,43.131910000000005,0.0,-1.8067260000000007,-1.805038,0.0,0.0,0
3.0,1.0,0.0,9.125889999999998,83.37475999999998,0.0,-3.900578,-1.6142879999999984,0.0,0.0,0
2.0,4.0,0.0,29.446519999999992,39.76633999999999,10000.0,-3.8598940000000006,-2.6521420000000013,10000.0,2.0,0
5.0,1.0,0.0,10.866520000000008,83.07826000000003,0.0,-3.8510820000000017,-2.038402999999999,0.0,0.0,0
3.0,0.0,1.0,10.74185,0.0,63.635670000000005,-2.9578190000000006,0.0,-3.464468,2.0,0
5.0,1.0,0.0,10.908199999999994,30.68656999999999,10000.0,-1.7967399999999998,-3.579014000000001,10000.0,2.0,0
0.0,0.0,5.0,10000.0,0.0,21.086820000000017,10000.0,0.0,-1.1843949999999983,3.0,0
3.0,1.0,0.0,20.65827999999999,85.10109999999997,10000.0,-2.152944999999999,-1.7695450000000008,10000.0,2.0,0
5.0,0.0,1.0,10.776360000000013,10000.0,65.15602000000001,-3.1983180000000004,10000.0,-1.0732399999999984,0.0,0
3.0,1.0,3.0,10.476609999999994,71.68690000000001,20.763229999999997,-3.688424999999999,-3.128819,-1.145506000000001,2.0,0
3.0,3.0,0.0,21.132719999999978,31.723009999999988,10000.0,-1.7101080000000015,-2.3958049999999997,10000.0,2.0,0
0.0,0.0,4.0,10000.0,0.0,31.439269999999997,10000.0,0.0,-1.1582660000000011,3.0,0
2.0,0.0,0.0,10.521199999999991,10000.0,0.0,-3.663260999999999,10000.0,0.0,0.0,0
3.0,0.0,0.0,29.89117999999999,10000.0,0.0,-3.8043520000000015,10000.0,0.0,0.0,0
2.0,0.0,0.0,11.103090000000009,10000.0,0.0,-2.7017650000000017,10000.0,0.0,0.0,0
0.0,0.0,5.0,10000.0,0.0,21.21449000000001,10000.0,0.0,-3.486065,3.0,0
4.0,1.0,0.0,20.98554999999999,92.19713000000002,0.0,-2.860968,-3.471495000000001,0.0,0.0,0
3.0,0.0,4.0,11.081940000000005,10000.0,20.998079999999987,-1.284206000000001,10000.0,-1.907007,0.0,0
4.0,1.0,0.0,9.460850000000022,70.98882,0.0,-2.452176999999999,-3.3567329999999984,0.0,0.0,0
0.0,2.0,3.0,10000.0,52.33454,42.69442000000001,10000.0,-2.195494,-3.7288320000000006,3.0,0
2.0,1.0,0.0,10.512040000000011,87.39716999999999,0.0,-1.902922,-2.941412,0.0,0.0,0
4.0,4.0,1.0,19.965479999999985,10.525939999999991,70.89993999999999,-2.977599999999999,-3.62501,-3.891195,2.0,0
2.0,0.0,0.0,11.157320000000029,10000.0,0.0,-3.522445999999998,10000.0,0.0,0.0,0
0.0,2.0,5.0,10000.0,64.07942,10.86887999999999,10000.0,-1.2590140000000003,-2.5716150000000013,3.0,0
0.0,4.0,3.0,10000.0,19.34237999999999,9.215669999999989,10000.0,-1.1835580000000014,-3.617676,3.0,0
6.0,0.0,1.0,10.01639,0.0,84.3674,-3.6764800000000015,0.0,-1.3419950000000007,2.0,0
2.0,1.0,0.0,11.677140000000009,52.05012000000002,0.0,-1.5499459999999985,-3.6282159999999983,0.0,0.0,0
2.0,3.0,1.0,10.843549999999992,21.343049999999977,72.87702999999999,-2.7063580000000016,-1.7718409999999984,-1.8996749999999984,2.0,0
3.0,0.0,0.0,39.96112,10000.0,0.0,-2.4245240000000017,10000.0,0.0,0.0,0
1.0,4.0,0.0,33.89433,11.464439999999996,10000.0,-3.610395000000001,-1.6545829999999988,10000.0,2.0,0
6.0,3.0,0.0,21.332850000000008,10.317560000000014,10000.0,-3.2132359999999984,-1.4922450000000005,10000.0,2.0,0
4.0,3.0,0.0,19.96078,40.37135999999998,10000.0,-3.675407,-3.0103700000000018,10000.0,2.0,0
3.0,0.0,0.0,11.378140000000002,10000.0,0.0,-1.6635649999999984,10000.0,0.0,0.0,0
4.0,1.0,0.0,30.221589999999992,92.60377999999996,10000.0,-3.1422199999999982,-3.364184999999999,10000.0,2.0,0
5.0,2.0,0.0,9.44207,61.918740000000014,0.0,-2.6156919999999992,-1.2661550000000013,0.0,0.0,0
7.0,1.0,0.0,11.498999999999995,42.37723,10000.0,-1.6821650000000012,-1.4757159999999985,10000.0,2.0,0
3.0,0.0,3.0,22.46759,10000.0,10.743059999999986,-1.839409,10000.0,-1.5394299999999994,0.0,0
3.0,0.0,0.0,11.1344,10000.0,0.0,-2.93066,10000.0,0.0,0.0,0
2.0,3.0,0.0,10.447029999999984,20.03044,10000.0,-1.0286459999999984,-2.397734,10000.0,2.0,0
3.0,1.0,3.0,10.171429999999988,53.21115,41.763000000000005,-1.4343010000000014,-1.0889419999999994,-3.4446410000000007,0.0,0
4.0,2.0,0.0,29.82799,19.517500000000013,10000.0,-3.528756999999999,-3.855979999999999,10000.0,2.0,0
3.0,1.0,0.0,20.26934,94.52879,0.0,-3.785498000000001,-2.9936620000000005,0.0,0.0,0
3.0,3.0,0.0,9.650620000000004,19.562960000000004,0.0,-2.037409,-3.899612000000001,0.0,0.0,0
3.0,4.0,0.0,11.508769999999998,23.27391,0.0,-1.812142999999999,-1.551317000000001,0.0,0.0,0
3.0,0.0,0.0,22.68588,10000.0,0.0,-1.9089220000000005,10000.0,0.0,0.0,0
3.0,2.0,0.0,19.681600000000003,81.90056000000001,0.0,-2.681709999999999,-1.4234219999999986,0.0,0.0,0
2.0,5.0,1.0,20.499480000000005,10.492940000000004,62.19934000000001,-2.440484999999999,-1.177330000000001,-3.281288,2.0,0
1.0,3.0,1.0,20.441029999999984,9.638619999999976,74.23080999999999,-2.7277720000000016,-3.446629999999999,-3.8631670000000007,2.0,0
2.0,2.0,0.0,19.59801999999999,29.821020000000004,10000.0,-1.256803999999999,-1.661556000000001,10000.0,2.0,0
6.0,1.0,0.0,9.974680000000006,62.204170000000005,0.0,-1.735282999999999,-3.562925,0.0,0.0,0
3.0,3.0,0.0,31.42613,20.16986,10000.0,-2.9536170000000013,-1.6389999999999991,10000.0,2.0,0
5.0,3.0,0.0,21.027019999999997,11.016559999999998,10000.0,-3.778254,-1.6013979999999997,10000.0,2.0,0
2.0,3.0,0.0,19.688330000000008,30.35517000000001,10000.0,-1.5927679999999995,-3.654869999999999,10000.0,2.0,0
1.0,3.0,2.0,10.500910000000005,19.97295,64.14021000000002,-2.7921119999999995,-3.809483,-1.0643710000000013,2.0,0
4.0,0.0,2.0,9.629190000000024,0.0,42.74758,-3.198017,0.0,-3.8730350000000016,2.0,0
7.0,0.0,1.0,11.526720000000012,0.0,66.70528000000002,-2.140135000000001,0.0,-1.279833,2.0,0
6.0,0.0,0.0,11.331630000000018,0.0,10000.0,-2.4238660000000003,0.0,10000.0,2.0,0
5.0,0.0,0.0,10.687880000000009,10000.0,0.0,-2.7013570000000016,10000.0,0.0,0.0,0
6.0,1.0,0.0,10.058639999999995,76.44666000000001,10000.0,-1.6578540000000004,-3.901031,10000.0,2.0,0
4.0,1.0,0.0,10.956729999999991,72.18893999999997,10000.0,-3.1346510000000016,-3.261099999999999,10000.0,2.0,0
4.0,2.0,1.0,10.922669999999982,21.908529999999985,93.41796999999995,-2.3471779999999995,-3.618510000000001,-2.6249579999999995,2.0,0
3.0,0.0,0.0,20.92456000000001,0.0,10000.0,-2.789549000000001,0.0,10000.0,2.0,0
4.0,2.0,0.0,22.287560000000013,32.05954,0.0,-1.1162010000000002,-1.675647999999999,0.0,0.0,0
4.0,3.0,0.0,11.63463999999999,22.484969999999976,0.0,-1.6829530000000013,-3.169319999999999,0.0,0.0,0
3.0,3.0,2.0,22.34371999999999,11.486160000000012,65.01056,-2.9996550000000006,-2.25489,-1.0132830000000013,2.0,0
4.0,0.0,3.0,10.817740000000017,10000.0,31.06534000000002,-1.5729560000000014,10000.0,-3.1951259999999984,0.0,0
6.0,0.0,0.0,10.757740000000013,10000.0,10000.0,-2.7615799999999986,10000.0,10000.0,2.0,0
1.0,2.0,0.0,20.42523,73.09503000000001,0.0,-3.1229270000000007,-2.556515000000001,0.0,0.0,0
2.0,2.0,0.0,11.119779999999992,75.2551,0.0,-1.1521110000000014,-2.1778340000000007,0.0,0.0,0
4.0,2.0,0.0,10.984410000000024,43.02644000000001,10000.0,-2.8317279999999982,-1.820575999999999,10000.0,2.0,0
2.0,0.0,3.0,19.30301999999997,0.0,61.86412999999999,-2.033660000000001,0.0,-3.926532999999999,2.0,0
0.0,0.0,3.0,10000.0,0.0,31.47162,10000.0,0.0,-1.130977999999999,3.0,0
4.0,0.0,0.0,21.258370000000014,10000.0,0.0,-1.5508629999999997,10000.0,0.0,0.0,0
2.0,5.0,0.0,33.71734999999998,21.992619999999988,10000.0,-1.193128999999999,-1.9574740000000013,10000.0,2.0,0
2.0,1.0,0.0,10.17188999999999,39.689520000000016,0.0,-2.722511000000001,-3.641306,0.0,0.0,0
3.0,0.0,0.0,9.683480000000005,0.0,10000.0,-3.8643670000000014,0.0,10000.0,2.0,0
3.0,5.0,0.0,29.645459999999986,19.563249999999982,10000.0,-1.983872999999999,-2.885164,10000.0,2.0,0
1.0,1.0,0.0,61.552490000000006,94.11731,10000.0,-3.8898870000000016,-2.0361480000000007,10000.0,2.0,0
3.0,0.0,4.0,21.32416000000001,10000.0,10.951720000000025,-1.5566640000000014,10000.0,-3.4901349999999987,0.0,0
4.0,0.0,0.0,22.6747,0.0,10000.0,-1.986763,0.0,10000.0,2.0,0
2.0,5.0,0.0,9.448700000000002,18.902330000000006,10000.0,-3.045100000000001,-3.9001030000000014,10000.0,2.0,0
5.0,0.0,0.0,9.718649999999997,0.0,10000.0,-3.6647849999999984,0.0,10000.0,2.0,0
3.0,4.0,0.0,10.98487,21.681690000000003,10000.0,-1.8596840000000012,-2.6791020000000003,10000.0,2.0,0
2.0,5.0,0.0,20.656450000000007,42.048280000000005,10000.0,-1.3144360000000006,-3.3388370000000016,10000.0,2.0,0
4.0,2.0,0.0,10.339830000000006,77.04118,0.0,-1.374103999999999,-3.0734630000000003,0.0,0.0,0
3.0,1.0,0.0,21.165179999999992,40.41248999999999,0.0,-3.5822770000000013,-1.229616,0.0,0.0,0
4.0,0.0,0.0,9.64955999999998,0.0,10000.0,-2.0436690000000013,0.0,10000.0,2.0,0
2.0,2.0,0.0,10.574720000000012,41.99278000000001,0.0,-3.131976999999999,-1.7983970000000014,0.0,0.0,0
2.0,1.0,0.0,21.543260000000004,63.05935,0.0,-1.400074,-1.951633000000001,0.0,0.0,0
4.0,3.0,0.0,10.807409999999976,31.11362,0.0,-2.170586,-2.214113000000001,0.0,0.0,0
2.0,3.0,0.0,22.139710000000008,53.65305000000001,0.0,-1.4956439999999986,-1.7764589999999991,0.0,0.0,0
3.0,0.0,0.0,18.93892,10000.0,0.0,-3.497183,10000.0,0.0,0.0,0
4.0,1.0,0.0,20.917630000000003,10.394919999999985,10000.0,-2.4482,-3.872087000000001,10000.0,2.0,0
3.0,3.0,0.0,41.86879999999999,21.24668,10000.0,-2.747689999999998,-1.6248989999999992,10000.0,2.0,0
2.0,0.0,4.0,11.25112999999999,10000.0,22.27563999999998,-1.3944299999999998,10000.0,-2.528355000000001,0.0,0
3.0,0.0,0.0,21.19483,10000.0,0.0,-1.6641790000000007,10000.0,0.0,0.0,0
3.0,0.0,1.0,20.82004000000001,10000.0,71.25765000000001,-3.5897749999999995,10000.0,-3.894157,0.0,0
4.0,0.0,0.0,11.522580000000003,10000.0,0.0,-1.1168210000000016,10000.0,0.0,0.0,0
0.0,4.0,3.0,10000.0,29.98527999999999,10.598089999999983,10000.0,-2.439350000000001,-3.646894,3.0,0
3.0,0.0,0.0,20.755749999999978,10000.0,0.0,-3.2709560000000018,10000.0,0.0,0.0,0
3.0,3.0,0.0,10.968490000000005,33.338690000000014,10000.0,-2.139,-2.2472840000000005,10000.0,2.0,0
6.0,0.0,0.0,10.399609999999996,10000.0,0.0,-3.648436,10000.0,0.0,0.0,0
3.0,0.0,2.0,9.758790000000005,0.0,40.44635,-1.7250349999999983,0.0,-2.766497000000001,2.0,0
2.0,3.0,1.0,9.71908000000002,19.663340000000005,71.29617000000002,-1.7733120000000009,-1.517544000000001,-2.490402,2.0,0
4.0,0.0,0.0,19.842190000000016,10000.0,0.0,-1.9820439999999984,10000.0,0.0,0.0,0
5.0,0.0,0.0,10.010419999999982,0.0,10000.0,-3.2814559999999986,0.0,10000.0,2.0,0
5.0,2.0,0.0,9.938060000000007,29.941840000000013,10000.0,-3.1948359999999987,-1.9296110000000013,10000.0,2.0,0
4.0,0.0,0.0,10.206189999999992,10000.0,0.0,-2.7660100000000014,10000.0,0.0,0.0,0
4.0,0.0,0.0,20.496999999999986,0.0,10000.0,-2.0441779999999987,0.0,10000.0,2.0,0
6.0,2.0,0.0,11.384299999999996,22.05264,0.0,-1.5597129999999986,-2.340605,0.0,0.0,0
4.0,1.0,0.0,30.97919999999999,94.26261999999996,10000.0,-1.4269490000000005,-3.1693330000000017,10000.0,2.0,0
5.0,1.0,3.0,11.888680000000022,52.932860000000005,31.912180000000006,-1.1870939999999983,-1.1464800000000004,-2.197894999999999,0.0,0
3.0,1.0,0.0,9.378809999999987,52.13120000000001,0.0,-3.467087,-1.1349750000000007,0.0,0.0,0
2.0,0.0,4.0,9.92995000000002,10000.0,30.03078000000002,-2.065764999999999,10000.0,-3.575009999999999,0.0,0
4.0,0.0,0.0,31.164359999999988,0.0,10000.0,-3.978113000000001,0.0,10000.0,2.0,0
5.0,2.0,0.0,10.361490000000003,30.431479999999997,10000.0,-2.3535819999999994,-2.230416999999999,10000.0,2.0,0
4.0,2.0,0.0,10.56459000000001,20.260230000000007,0.0,-2.21106,-3.598568,0.0,0.0,0
4.0,0.0,1.0,42.35073,0.0,84.23160000000001,-3.2028180000000006,0.0,-3.716923000000001,2.0,0
4.0,1.0,0.0,11.379170000000016,72.93048000000002,0.0,-2.040897000000001,-1.050663,0.0,0.0,0
3.0,0.0,0.0,10.193059999999974,0.0,10000.0,-2.848797000000001,0.0,10000.0,2.0,0
4.0,2.0,0.0,10.57523999999998,42.05391,0.0,-1.7060780000000015,-2.60736,0.0,0.0,0
2.0,0.0,0.0,32.457460000000026,10000.0,0.0,-2.676867999999999,10000.0,0.0,0.0,0
3.0,0.0,2.0,10.157099999999986,10000.0,73.49411999999998,-3.950379999999999,10000.0,-1.863005000000001,0.0,0
3.0,0.0,0.0,21.99606,10000.0,0.0,-1.059190000000001,10000.0,0.0,0.0,0
2.0,0.0,2.0,10.329759999999991,0.0,22.07911999999999,-3.915813,0.0,-1.4586770000000016,2.0,0
3.0,3.0,0.0,20.70714000000001,31.32567,10000.0,-2.581060000000001,-3.5810320000000004,10000.0,2.0,0
2.0,0.0,0.0,20.81855999999999,0.0,10000.0,-1.9332309999999997,0.0,10000.0,2.0,0
4.0,0.0,2.0,21.96934999999999,10000.0,54.28349,-2.3456629999999983,10000.0,-3.0539510000000014,0.0,0
0.0,3.0,2.0,10000.0,21.420990000000018,41.50580000000002,10000.0,-1.6458109999999984,-3.891145999999999,3.0,0
3.0,0.0,0.0,31.03766999999999,0.0,10000.0,-3.4653150000000004,0.0,10000.0,2.0,0
4.0,1.0,2.0,9.850300000000004,30.49534,62.52007,-1.4687389999999994,-1.953683999999999,-2.7076069999999994,2.0,0
4.0,0.0,0.0,19.54065,0.0,10000.0,-3.969446000000002,0.0,10000.0,2.0,0
5.0,0.0,0.0,10.25254000000001,0.0,10000.0,-2.226182999999999,0.0,10000.0,2.0,0
4.0,1.0,0.0,20.341000000000008,31.458330000000014,10000.0,-1.5063379999999995,-3.560379000000001,10000.0,2.0,0
2.0,4.0,0.0,11.19495999999998,63.01137999999997,0.0,-1.9266219999999985,-2.622672999999999,0.0,0.0,0
3.0,3.0,0.0,21.277440000000013,52.29692,10000.0,-1.61965,-1.8096330000000016,10000.0,2.0,0
4.0,3.0,0.0,11.791930000000008,62.25889999999998,10000.0,-1.252178000000001,-2.0004099999999987,10000.0,2.0,0
3.0,4.0,0.0,9.315169999999997,51.30816999999999,10000.0,-3.34243,-3.39733,10000.0,2.0,0
2.0,0.0,0.0,54.42348999999999,0.0,10000.0,-3.844532000000001,0.0,10000.0,2.0,0
4.0,3.0,1.0,22.03258,10.753430000000009,71.95537000000002,-1.4066240000000008,-2.485206999999999,-1.1378699999999995,2.0,0
3.0,0.0,0.0,61.24387999999999,10000.0,0.0,-2.853874000000001,10000.0,0.0,0.0,0
6.0,1.0,0.0,9.800659999999992,30.807050000000004,10000.0,-1.497389999999999,-3.645782000000001,10000.0,2.0,0
4.0,2.0,0.0,65.44201999999999,22.89686999999998,10000.0,-3.3756999999999984,-3.7233100000000015,10000.0,2.0,0
5.0,2.0,0.0,10.210999999999984,20.56968999999998,10000.0,-1.7619800000000012,-2.7706449999999982,10000.0,2.0,0
4.0,3.0,1.0,11.762070000000024,21.804640000000006,53.86316000000002,-1.7403140000000017,-2.186522,-1.6236110000000004,2.0,0
2.0,0.0,0.0,10.389110000000016,10000.0,0.0,-3.6481150000000007,10000.0,0.0,0.0,0
5.0,2.0,0.0,10.50197,31.19514000000001,10000.0,-2.1568739999999984,-1.5514599999999987,10000.0,2.0,0
3.0,1.0,0.0,19.31710000000001,50.76434,10000.0,-2.095628999999999,-1.7774520000000005,10000.0,2.0,0
4.0,0.0,0.0,10.28610999999998,10000.0,0.0,-1.4088759999999994,10000.0,0.0,0.0,0
5.0,4.0,0.0,19.837859999999974,10.001109999999985,10000.0,-1.5582080000000005,-3.2737900000000018,10000.0,2.0,0
5.0,0.0,0.0,10.036069999999995,10000.0,0.0,-1.5070739999999994,10000.0,0.0,0.0,0
5.0,2.0,0.0,10.17985999999999,42.59646000000001,10000.0,-1.8501699999999983,-2.1722280000000005,10000.0,2.0,0
0.0,3.0,4.0,10000.0,21.172240000000016,9.851650000000006,10000.0,-1.5281219999999998,-2.7044239999999995,3.0,0
3.0,3.0,0.0,10.004670000000004,30.14930000000001,10000.0,-1.0242940000000011,-3.4718459999999998,10000.0,2.0,0
4.0,4.0,0.0,10.38424999999998,31.96499,10000.0,-2.799795,-2.301317000000001,10000.0,2.0,0
4.0,2.0,0.0,10.740859999999998,84.29010000000002,0.0,-2.970257,-3.0483249999999984,0.0,0.0,0
2.0,2.0,0.0,9.253929999999997,64.98747999999998,10000.0,-3.2862630000000017,-2.865594999999999,10000.0,2.0,0
1.0,0.0,0.0,52.40134999999998,0.0,10000.0,-3.6781830000000006,0.0,10000.0,2.0,0
4.0,0.0,0.0,9.712609999999984,10000.0,0.0,-1.4215599999999995,10000.0,0.0,0.0,0
3.0,0.0,3.0,10.865679999999998,10000.0,40.49363,-3.210728,10000.0,-2.7011590000000005,0.0,0
2.0,0.0,3.0,11.534590000000009,10000.0,21.32570000000001,-1.9514260000000012,10000.0,-1.4434569999999989,0.0,0
3.0,5.0,0.0,10.581379999999996,20.51326,10000.0,-2.6465470000000018,-1.8420179999999995,10000.0,2.0,0
4.0,3.0,0.0,11.785560000000004,23.327019999999976,0.0,-1.247050999999999,-2.2615620000000014,0.0,0.0,0
1.0,3.0,2.0,30.836979999999983,51.634330000000006,62.35181,-3.4651889999999987,-2.224450000000001,-2.1633570000000013,2.0,0
4.0,0.0,2.0,10.597409999999996,0.0,50.89983000000001,-3.1825599999999987,0.0,-3.333136,2.0,0
4.0,3.0,0.0,20.283019999999997,31.182769999999977,10000.0,-3.8378070000000015,-1.1812700000000014,10000.0,2.0,0
0.0,6.0,0.0,10000.0,10.374220000000008,0.0,10000.0,-3.532679999999999,0.0,3.0,0
4.0,0.0,0.0,11.156149999999997,0.0,10000.0,-2.531756999999999,0.0,10000.0,2.0,0
3.0,3.0,0.0,10.871659999999991,42.69704999999999,0.0,-2.697897000000001,-1.869644000000001,0.0,0.0,0
2.0,3.0,0.0,21.031570000000016,43.89571000000001,10000.0,-1.1796739999999986,-2.989704,10000.0,2.0,0
4.0,3.0,1.0,9.699669999999998,31.312420000000003,83.01806999999997,-2.7152299999999983,-2.1810459999999985,-3.9727539999999983,2.0,0
5.0,1.0,0.0,21.19082,94.32234999999996,10000.0,-3.4630870000000016,-1.2094349999999991,10000.0,2.0,0
2.0,2.0,2.0,10.363640000000004,42.09312,53.70131999999998,-3.985655000000001,-1.4057710000000014,-1.209171000000001,2.0,0
2.0,6.0,1.0,30.263890000000004,9.278250000000014,49.47216,-1.7335320000000003,-3.917002,-2.783021999999999,2.0,0
4.0,0.0,0.0,9.692589999999996,0.0,10000.0,-2.8646010000000004,0.0,10000.0,2.0,0
4.0,2.0,0.0,19.81679999999997,41.95304999999999,10000.0,-3.0292759999999994,-2.143345,10000.0,2.0,0
4.0,0.0,0.0,20.35917999999998,0.0,10000.0,-1.1654969999999985,0.0,10000.0,2.0,0
3.0,0.0,0.0,21.22117,10000.0,0.0,-1.2859610000000004,10000.0,0.0,0.0,0
4.0,2.0,0.0,11.093889999999988,51.757799999999975,0.0,-2.47522,-3.5791000000000004,0.0,0.0,0
2.0,1.0,0.0,9.456819999999992,61.18161999999998,0.0,-3.3186339999999994,-1.7759999999999998,0.0,0.0,0
5.0,0.0,2.0,9.301389999999998,0.0,40.52507,-3.9037900000000008,0.0,-2.7917999999999985,2.0,0
4.0,0.0,0.0,21.44529,10000.0,0.0,-2.120315999999999,10000.0,0.0,0.0,0
3.0,0.0,2.0,9.990340000000003,0.0,44.08376999999999,-2.0815069999999984,0.0,-1.023136000000001,2.0,0
3.0,1.0,0.0,10.107520000000022,64.32359000000002,0.0,-2.104192999999998,-1.3087829999999985,0.0,0.0,0
3.0,3.0,2.0,10.277710000000011,20.85565,42.84279000000001,-3.2386470000000003,-3.403293999999999,-1.7077559999999998,2.0,0
3.0,3.0,0.0,9.818540000000011,19.92532,10000.0,-1.9092270000000011,-2.3765490000000007,10000.0,2.0,0
4.0,2.0,0.0,39.33489,20.411959999999997,10000.0,-2.6988319999999995,-1.757197999999999,10000.0,2.0,0
3.0,4.0,0.0,10.81610999999998,41.14579999999998,10000.0,-1.0998839999999994,-3.977281999999999,10000.0,2.0,0
5.0,1.0,0.0,10.741439999999985,91.65926000000002,10000.0,-1.211355000000001,-2.2674309999999984,10000.0,2.0,0
5.0,0.0,0.0,30.981349999999992,10000.0,0.0,-2.957533000000001,10000.0,0.0,0.0,0
2.0,3.0,0.0,41.10540999999998,10.317859999999996,10000.0,-3.1222759999999994,-2.2346530000000016,10000.0,2.0,0
3.0,0.0,0.0,19.822039999999987,0.0,10000.0,-3.2486479999999998,0.0,10000.0,2.0,0
5.0,3.0,0.0,9.747950000000005,20.561500000000024,10000.0,-2.128793999999999,-2.295565,10000.0,2.0,0
3.0,2.0,2.0,21.357850000000013,11.625560000000007,80.64079000000001,-1.5792870000000008,-1.981821,-1.97241,2.0,0
5.0,2.0,0.0,20.82167000000001,80.25464000000002,0.0,-2.682976,-1.4963100000000011,0.0,0.0,0
4.0,2.0,0.0,10.142119999999975,20.403989999999997,10000.0,-1.8174819999999985,-3.2291279999999998,10000.0,2.0,0
0.0,3.0,3.0,10000.0,9.79289,40.614540000000005,10000.0,-1.4089090000000013,-1.5248579999999985,3.0,0
2.0,4.0,0.0,9.56878999999998,41.15338,10000.0,-3.052088000000001,-3.630085000000001,10000.0,2.0,0
1.0,3.0,0.0,9.795089999999988,41.60806,0.0,-2.417624,-1.1629660000000008,0.0,0.0,0
3.0,2.0,0.0,19.70934,29.42523999999997,10000.0,-2.9132019999999983,-1.6062340000000006,10000.0,2.0,0
2.0,3.0,0.0,21.02085,32.008729999999986,10000.0,-2.149346999999999,-1.1506749999999997,10000.0,2.0,0
1.0,5.0,0.0,32.14423000000002,9.912540000000009,10000.0,-3.932016000000001,-1.807103999999999,10000.0,2.0,0
0.0,4.0,2.0,10000.0,62.74139,11.417399999999986,10000.0,-2.0647659999999988,-1.7015840000000004,3.0,0
2.0,1.0,0.0,20.402710000000013,83.70992999999999,0.0,-3.166689999999999,-3.038193,0.0,0.0,0
3.0,1.0,0.0,20.520009999999985,64.03598,10000.0,-3.492016,-1.0175149999999995,10000.0,2.0,0
4.0,1.0,0.0,10.302510000000012,42.03298000000001,0.0,-3.864082,-2.6677630000000008,0.0,0.0,0
5.0,0.0,0.0,30.68710999999999,0.0,10000.0,-2.5991040000000005,0.0,10000.0,2.0,0
2.0,2.0,0.0,9.308670000000006,51.43802000000002,0.0,-3.3585819999999984,-1.2547449999999998,0.0,0.0,0
5.0,0.0,2.0,21.88503999999997,10000.0,10.203399999999988,-1.9090859999999985,10000.0,-3.720980000000001,0.0,0
2.0,4.0,0.0,9.599459999999992,61.41717,10000.0,-1.9303230000000011,-2.0141750000000016,10000.0,2.0,0
2.0,0.0,0.0,21.806929999999998,0.0,10000.0,-1.659324999999999,0.0,10000.0,2.0,0
4.0,0.0,2.0,9.601030000000009,0.0,41.21847,-2.8735180000000007,0.0,-2.002344000000001,2.0,0
5.0,0.0,1.0,11.10951,0.0,97.52089,-2.4741609999999987,0.0,-2.597328000000001,2.0,0
0.0,6.0,1.0,10000.0,9.526319999999998,62.74544,10000.0,-3.1682099999999984,-1.866318,3.0,0
4.0,0.0,0.0,11.14618999999999,0.0,10000.0,-1.986170000000001,0.0,10000.0,2.0,0
4.0,1.0,0.0,9.901260000000008,81.65058000000002,0.0,-1.1505699999999983,-1.0569740000000003,0.0,0.0,0
3.0,0.0,0.0,10.944979999999989,0.0,10000.0,-2.363299999999999,0.0,10000.0,2.0,0
2.0,1.0,0.0,11.40079,64.32495,0.0,-1.9769700000000012,-3.2467119999999987,0.0,0.0,0
3.0,3.0,0.0,22.306549999999987,43.14032999999998,10000.0,-2.599606999999999,-2.5227429999999984,10000.0,2.0,0
3.0,2.0,0.0,9.806809999999984,31.389549999999986,0.0,-1.6543770000000002,-1.283847999999999,0.0,0.0,0
3.0,3.0,0.0,42.235690000000005,20.101640000000003,10000.0,-2.053557999999999,-1.1106550000000013,10000.0,2.0,0
3.0,0.0,0.0,41.055650000000014,10000.0,0.0,-3.88843,10000.0,0.0,0.0,0
3.0,2.0,0.0,22.69487000000001,11.083830000000006,10000.0,-1.4969,-1.2696590000000008,10000.0,2.0,0
2.0,0.0,0.0,59.548280000000005,0.0,10000.0,-3.4932440000000007,0.0,10000.0,2.0,0
5.0,0.0,0.0,44.57075,0.0,10000.0,-1.932106000000001,0.0,10000.0,2.0,0
4.0,2.0,2.0,20.88363000000001,11.046130000000003,73.49649,-2.1755999999999998,-1.0650879999999994,-3.4628660000000018,2.0,0
2.0,1.0,0.0,29.766400000000004,50.04208000000003,0.0,-3.484259000000001,-2.93356,0.0,0.0,0
0.0,0.0,4.0,10000.0,0.0,21.84171000000001,10000.0,0.0,-3.0082239999999985,3.0,0
4.0,0.0,0.0,29.965059999999998,0.0,10000.0,-3.8902600000000014,0.0,10000.0,2.0,0
3.0,3.0,1.0,10.655930000000012,29.90181000000001,50.71744000000001,-3.554113000000001,-1.3214110000000012,-1.932932000000001,2.0,0
3.0,0.0,0.0,21.04025000000001,10000.0,0.0,-2.148523000000001,10000.0,0.0,0.0,0
1.0,6.0,0.0,9.820539999999994,20.233569999999983,10000.0,-3.121269999999999,-3.2663420000000016,10000.0,2.0,0
3.0,1.0,0.0,20.08211,82.41599,0.0,-1.0488110000000006,-2.6796170000000004,0.0,0.0,0
3.0,1.0,0.0,9.442119999999989,74.36845,0.0,-3.817007,-1.6036499999999982,0.0,0.0,0
4.0,1.0,2.0,19.71695,39.6001,61.19123999999999,-1.8000900000000009,-2.512169,-3.406037999999999,2.0,0
3.0,0.0,2.0,21.38764999999998,0.0,62.16828999999999,-3.316986,0.0,-3.414197999999999,2.0,0
3.0,2.0,0.0,10.015169999999983,30.122449999999983,10000.0,-1.1564699999999988,-2.649419999999999,10000.0,2.0,0
5.0,0.0,0.0,9.492799999999988,0.0,10000.0,-2.4521939999999987,0.0,10000.0,2.0,0
3.0,2.0,2.0,10.263110000000012,41.01502000000002,61.82660000000001,-1.944382000000001,-3.317274000000001,-3.2844450000000016,2.0,0
0.0,3.0,3.0,10000.0,19.85354000000001,30.66955000000001,10000.0,-3.572514999999999,-1.1259200000000007,3.0,0
0.0,1.0,7.0,10000.0,84.85688000000002,22.25848000000002,10000.0,-3.957004999999999,-2.9718899999999984,3.0,0
2.0,0.0,0.0,29.03674000000001,0.0,10000.0,-2.808867,0.0,10000.0,2.0,0
2.0,0.0,0.0,9.611909999999996,10000.0,0.0,-2.1142520000000005,10000.0,0.0,0.0,0
4.0,0.0,2.0,9.54898,10000.0,21.270190000000014,-3.4964070000000014,10000.0,-1.0621280000000013,0.0,0
2.0,0.0,1.0,19.94593999999998,0.0,51.223689999999976,-3.307554,0.0,-2.401218,2.0,0
3.0,0.0,0.0,9.260440000000017,0.0,10000.0,-3.214735000000001,0.0,10000.0,2.0,0
4.0,0.0,0.0,10.788039999999995,10000.0,0.0,-3.374258000000001,10000.0,0.0,0.0,0
3.0,5.0,0.0,32.52963,11.22564,10000.0,-3.3814770000000003,-1.1846940000000004,10000.0,2.0,0
0.0,4.0,1.0,10000.0,10.848039999999996,42.80433000000002,10000.0,-1.4511070000000004,-2.8383670000000016,3.0,0
3.0,4.0,0.0,10.60729999999998,30.71683999999999,10000.0,-1.4286059999999985,-1.8366429999999987,10000.0,2.0,0
3.0,6.0,0.0,20.648770000000013,10.392800000000022,10000.0,-2.106655,-3.3286170000000013,10000.0,2.0,0
2.0,0.0,2.0,40.877790000000005,0.0,50.38678999999999,-1.399908,0.0,-2.7530019999999986,2.0,0
1.0,0.0,0.0,62.19417999999999,10000.0,0.0,-3.5318970000000007,10000.0,0.0,0.0,0
6.0,1.0,0.0,10.03779,31.838149999999985,0.0,-1.450137999999999,-2.13345,0.0,0.0,0
3.0,3.0,0.0,10.723449999999984,20.5223,0.0,-2.4431079999999987,-3.8376449999999984,0.0,0.0,0
3.0,1.0,0.0,10.787759999999992,52.97579999999999,0.0,-1.8325560000000003,-1.5919500000000006,0.0,0.0,0
2.0,1.0,0.0,10.380380000000002,40.94525999999999,0.0,-2.8751089999999984,-1.5048700000000004,0.0,0.0,0
2.0,0.0,0.0,21.06904,10000.0,0.0,-2.1465700000000005,10000.0,0.0,0.0,0
2.0,3.0,1.0,21.21185,9.79622999999998,83.89412999999999,-1.4385469999999998,-3.149163999999999,-1.1851309999999984,2.0,0
4.0,1.0,0.0,19.995229999999992,71.71996999999999,0.0,-1.166129999999999,-3.5508169999999986,0.0,0.0,0
2.0,2.0,3.0,72.26175999999998,30.811279999999982,9.996579999999994,-3.930328,-2.872221,-2.807825000000001,0.0,0
4.0,1.0,0.0,19.799939999999992,30.31187,0.0,-1.4617749999999994,-3.1781919999999992,0.0,0.0,0
2.0,0.0,0.0,42.81072999999998,10000.0,0.0,-1.8859999999999992,10000.0,0.0,0.0,0
3.0,0.0,0.0,10.774749999999983,10000.0,0.0,-3.339269999999999,10000.0,0.0,0.0,0
1.0,0.0,0.0,81.91835999999998,10000.0,0.0,-3.7848149999999983,10000.0,0.0,0.0,0
2.0,0.0,3.0,33.76913999999999,0.0,54.63378,-3.655391999999999,0.0,-2.6374759999999995,2.0,0
4.0,2.0,0.0,11.610259999999982,22.81852999999998,10000.0,-1.9243720000000015,-1.5347599999999986,10000.0,2.0,0
3.0,4.0,0.0,20.937730000000016,11.126570000000015,10000.0,-2.3694109999999995,-2.029615,10000.0,2.0,0
3.0,2.0,2.0,9.305440000000004,20.381869999999992,30.44075000000001,-3.9635330000000017,-3.661448,-2.138247,2.0,0
1.0,2.0,0.0,10.172079999999994,21.28494999999998,0.0,-3.2974099999999997,-2.5817300000000003,0.0,0.0,0
0.0,5.0,2.0,10000.0,9.402969999999982,19.362359999999995,10000.0,-3.079117,-3.972631,3.0,0
4.0,2.0,0.0,20.934330000000017,72.81718000000001,10000.0,-2.0242439999999995,-1.8627530000000012,10000.0,2.0,0
3.0,1.0,0.0,9.868150000000014,95.92479,0.0,-2.076338,-1.1389919999999982,0.0,0.0,0
4.0,2.0,0.0,10.21738000000002,20.00463000000002,0.0,-3.5081580000000017,-3.879698000000001,0.0,0.0,0
3.0,0.0,3.0,11.345670000000013,0.0,42.882450000000006,-1.377281,0.0,-3.83363,2.0,0
2.0,2.0,0.0,31.53972999999999,42.39444,0.0,-2.9973850000000013,-1.037106999999999,0.0,0.0,0
1.0,3.0,0.0,51.52565999999999,32.423039999999986,10000.0,-2.267544000000001,-2.130163,10000.0,2.0,0
4.0,3.0,1.0,29.27667,9.67015999999998,90.92046999999997,-3.462553,-1.9160749999999995,-3.85031,2.0,0
4.0,3.0,0.0,9.514939999999996,18.91672,10000.0,-3.161294999999999,-3.756972999999999,10000.0,2.0,0
3.0,3.0,0.0,10.41655,21.134559999999997,0.0,-3.782402000000001,-3.729932999999999,0.0,0.0,0
6.0,1.0,0.0,20.67524,10.89398,10000.0,-3.562180000000001,-3.416993999999999,10000.0,2.0,0
4.0,2.0,0.0,30.400710000000004,10.184489999999984,0.0,-1.8263779999999985,-3.581636,0.0,0.0,0
0.0,3.0,3.0,10000.0,9.911940000000016,60.81159,10000.0,-1.3722899999999996,-1.3479880000000009,3.0,0
3.0,0.0,0.0,21.38524000000001,10000.0,0.0,-2.2379469999999984,10000.0,0.0,0.0,0
5.0,3.0,0.0,10.073139999999997,53.63743,0.0,-1.913065,-2.5188260000000007,0.0,0.0,0
3.0,0.0,0.0,11.210099999999985,0.0,10000.0,-3.0728909999999985,0.0,10000.0,2.0,0
4.0,0.0,2.0,9.203519999999996,10000.0,19.44190999999998,-3.4315099999999994,10000.0,-3.736920000000002,0.0,0
4.0,2.0,0.0,10.76314000000002,21.89661000000001,10000.0,-3.3507299999999987,-2.546139,10000.0,2.0,0
4.0,0.0,0.0,29.086820000000017,10000.0,0.0,-3.877512,10000.0,0.0,0.0,0
2.0,5.0,0.0,19.36475000000001,9.598990000000017,10000.0,-2.860605,-2.287968,10000.0,2.0,0
1.0,5.0,0.0,82.34636,20.81178,10000.0,-2.907204,-3.233376,10000.0,2.0,0
5.0,0.0,0.0,19.62607,10000.0,0.0,-3.7831100000000006,10000.0,0.0,0.0,0
5.0,2.0,0.0,10.03716,30.671579999999977,10000.0,-3.0474999999999994,-1.1790279999999989,10000.0,2.0,0
6.0,0.0,1.0,29.15527,10000.0,10.09399000000002,-2.7094859999999983,10000.0,-3.4282049999999984,0.0,0
3.0,2.0,0.0,10.765929999999996,64.56057999999999,0.0,-1.4443969999999986,-2.50948,0.0,0.0,0
3.0,0.0,0.0,30.60959,10000.0,0.0,-3.125575999999999,10000.0,0.0,0.0,0
6.0,2.0,0.0,20.491299999999995,9.625789999999997,10000.0,-1.0603680000000004,-1.8241499999999995,10000.0,2.0,0
3.0,4.0,2.0,20.92961,10.495900000000006,63.32426000000001,-3.028490000000001,-1.0535889999999988,-3.388463999999999,2.0,0
2.0,0.0,4.0,11.213750000000005,0.0,41.48749000000001,-2.243734,0.0,-1.989878000000001,2.0,0
6.0,0.0,1.0,9.2937,10000.0,39.03914,-3.940097999999999,10000.0,-1.0840870000000002,0.0,0
4.0,0.0,0.0,11.268429999999997,0.0,10000.0,-1.2551880000000004,0.0,10000.0,2.0,0
4.0,1.0,2.0,22.7577,94.80148,63.55365999999998,-2.1845420000000004,-1.1968780000000017,-1.8385929999999997,2.0,0
4.0,1.0,0.0,10.013900000000008,82.72919999999999,0.0,-2.695463,-1.989329999999999,0.0,0.0,0
3.0,0.0,0.0,20.582670000000007,0.0,10000.0,-2.5058770000000017,0.0,10000.0,2.0,0
4.0,3.0,0.0,41.917190000000005,10.271889999999985,10000.0,-1.3665920000000007,-1.3846239999999987,10000.0,2.0,0
2.0,2.0,2.0,31.50708,41.02995999999999,61.049650000000014,-1.056839,-3.666082,-1.2802539999999991,2.0,0
1.0,2.0,0.0,70.72776000000002,49.98791,10000.0,-2.092112,-3.3778530000000018,10000.0,2.0,0
3.0,0.0,0.0,21.56626,0.0,10000.0,-2.17971,0.0,10000.0,2.0,0
2.0,2.0,0.0,9.6935,73.47820999999999,0.0,-2.9359910000000013,-1.7231500000000004,0.0,0.0,0
4.0,0.0,3.0,10.46565000000001,10000.0,50.99494999999999,-2.5534099999999995,10000.0,-1.2807999999999993,0.0,0
3.0,0.0,0.0,40.193959999999976,0.0,10000.0,-3.184850000000001,0.0,10000.0,2.0,0
1.0,4.0,1.0,20.353919999999988,41.26626999999999,31.38490999999999,-3.995794,-1.5313850000000002,-1.8178020000000004,2.0,0
0.0,3.0,5.0,10000.0,64.76659000000001,11.435339999999997,10000.0,-3.081572999999999,-1.8426280000000013,3.0,0
2.0,0.0,0.0,50.06593999999998,10000.0,0.0,-3.4604779999999984,10000.0,0.0,0.0,0
2.0,0.0,0.0,10.126980000000003,0.0,10000.0,-1.6402399999999986,0.0,10000.0,2.0,0
5.0,1.0,0.0,10.559649999999976,61.63973999999999,0.0,-2.730675000000001,-2.1737670000000016,0.0,0.0,0
4.0,2.0,0.0,9.557639999999992,31.003770000000003,0.0,-3.8727100000000014,-1.0313510000000008,0.0,0.0,0
3.0,0.0,0.0,19.214020000000005,0.0,10000.0,-3.195374000000001,0.0,10000.0,2.0,0
5.0,2.0,0.0,29.89385000000001,50.566670000000016,10000.0,-3.5813619999999986,-1.685493000000001,10000.0,2.0,0
4.0,0.0,1.0,9.578519999999996,0.0,93.39684999999996,-3.527773,0.0,-2.6469419999999992,2.0,0
3.0,3.0,0.0,22.05197000000001,43.80217000000002,10000.0,-1.6895640000000007,-1.8230949999999984,10000.0,2.0,0
2.0,0.0,0.0,33.05294000000001,10000.0,0.0,-2.725128000000001,10000.0,0.0,0.0,0
3.0,0.0,0.0,20.22726,10000.0,0.0,-1.2189000000000014,10000.0,0.0,0.0,0
4.0,1.0,0.0,10.549019999999985,61.45558,0.0,-2.713139999999999,-3.82011,0.0,0.0,0
5.0,0.0,0.0,10.552660000000005,0.0,10000.0,-3.278858,0.0,10000.0,2.0,0
0.0,4.0,3.0,10000.0,10.43907999999999,20.051829999999995,10000.0,-1.5629230000000014,-3.749136,3.0,0
0.0,0.0,2.0,10000.0,0.0,53.52283,10000.0,0.0,-2.9747410000000016,3.0,0
3.0,2.0,0.0,10.116899999999989,41.10142999999999,0.0,-1.6485060000000011,-3.244236000000001,0.0,0.0,0
3.0,4.0,0.0,10.397519999999986,21.893779999999992,10000.0,-2.498246999999999,-2.3999200000000016,10000.0,2.0,0
3.0,2.0,0.0,10.78049999999999,62.20434999999998,0.0,-3.960562,-3.82677,0.0,0.0,0
2.0,0.0,2.0,10.421780000000012,0.0,42.28095000000002,-1.0894179999999984,0.0,-3.640919,2.0,0
3.0,0.0,3.0,10.9127,10000.0,43.952740000000006,-1.9906919999999992,10000.0,-1.976220999999999,0.0,0
